,time,low,high,open,close,volume
0,1614472440,46290.14,46298.01,46294.63,46297.49,0.43659892
1,1614472380,46271.92,46359.27,46290.38,46300.0,12.90022591
2,1614472320,46286.3,46439.04,46315.09,46290.38,9.39987577
3,1614472260,46251.74,46327.94,46262.27,46315.09,4.24414763
4,1614472200,46228.4,46308.48,46303.12,46262.27,14.04375218
5,1614472140,46290.54,46395.57,46389.77,46309.45,9.56611403
6,1614472080,46325.37,46434.95,46333.34,46389.76,8.84878553
7,1614472020,46333.33,46374.46,46370.58,46333.33,7.85356473
8,1614471960,46344.99,46450.0,46345.0,46370.58,5.82853823
9,1614471900,46336.49,46366.68,46366.68,46345.0,5.65384207
10,1614471840,46348.24,46419.18,46387.9,46353.34,5.99253614
11,1614471780,46336.49,46443.51,46400.48,46392.2,15.71059429
12,1614471720,46380.84,46488.71,46388.16,46413.2,15.6605334
13,1614471660,46339.57,46449.87,46442.99,46395.22,42.37150319
14,1614471600,46411.15,46522.66,46522.66,46434.0,15.6851968
15,1614471540,46518.16,46641.01,46518.17,46530.63,23.16558187
16,1614471480,46433.73,46613.39,46532.99,46518.82,21.82692517
17,1614471420,46443.0,46641.2,46536.99,46550.45,46.57418906
18,1614471360,46271.83,46537.26,46379.69,46537.0,27.4770103
19,1614471300,46200.99,46387.63,46216.94,46385.51,14.87293469
20,1614471240,46105.49,46297.7,46105.5,46224.84,10.26968884
21,1614471180,45947.39,46157.32,46076.12,46105.5,31.3742448
22,1614471120,45956.31,46174.33,46030.0,46089.66,26.42186822
23,1614471060,46030.0,46192.87,46169.35,46030.0,11.26949772
24,1614471000,46112.16,46279.84,46279.84,46169.04,23.52916549
25,1614470940,46218.98,46364.48,46318.79,46278.7,15.08721314
26,1614470880,46134.02,46392.42,46148.4,46304.68,38.43970377
27,1614470820,45932.38,46151.52,45932.38,46146.96,17.71086385
28,1614470760,45802.66,45931.19,45815.26,45931.19,33.43234254
29,1614470700,45713.03,45828.74,45713.03,45828.06,23.68752723
30,1614470640,45685.03,45855.43,45760.28,45717.46,27.01863221
31,1614470580,45678.96,45842.08,45827.69,45755.96,32.18678587
32,1614470520,45797.64,45931.11,45836.9,45837.48,38.03594413
33,1614470460,45655.1,45977.69,45977.69,45835.65,46.93479327
34,1614470400,45900.0,46189.32,46169.92,45973.56,28.71023142
35,1614470340,46096.77,46198.64,46182.86,46180.75,11.26975391
36,1614470280,46086.87,46243.93,46227.92,46182.86,19.75824297
37,1614470220,46074.09,46243.16,46158.12,46238.48,10.00277221
38,1614470160,46080.23,46200.0,46108.77,46150.1,10.90661992
39,1614470100,46107.93,46253.46,46226.42,46114.58,12.44795111
40,1614470040,46220.8,46288.0,46287.89,46226.43,15.70537286
41,1614469980,46246.25,46360.7,46248.59,46295.88,7.30461787
42,1614469920,46195.45,46322.0,46291.18,46255.92,37.09213497
43,1614469860,46248.77,46499.99,46354.65,46296.82,30.16226699
44,1614469800,46032.79,46444.0,46060.49,46373.32,43.31363341
45,1614469740,46022.78,46124.59,46051.17,46071.46,14.52402695
46,1614469680,46024.31,46170.26,46170.25,46062.42,25.61443128
47,1614469620,46050.52,46209.18,46182.66,46171.76,48.55766036
48,1614469560,45826.2,46193.54,45854.21,46191.95,37.24136793
49,1614469500,45767.45,45859.66,45796.09,45847.96,13.18208205
50,1614469440,45750.57,45826.13,45750.57,45796.23,13.27544674
51,1614469380,45735.83,45836.12,45766.34,45754.28,23.09600611
52,1614469320,45700.01,45777.33,45717.03,45766.06,9.41742702
53,1614469260,45704.5,45791.82,45751.2,45704.5,12.83116497
54,1614469200,45724.73,45881.18,45842.73,45751.2,38.14436362
55,1614469140,45721.29,45874.43,45788.28,45874.43,36.16436005
56,1614469080,45670.88,45794.33,45692.85,45790.65,19.71212724
57,1614469020,45630.28,45718.41,45651.91,45692.43,23.88310951
58,1614468960,45568.97,45657.12,45608.86,45652.39,20.5119512
59,1614468900,45452.39,45698.0,45464.69,45608.85,24.52983005
60,1614468840,45420.33,45510.08,45464.64,45464.69,27.63367859
61,1614468780,45370.83,45494.85,45429.91,45464.65,45.56578037
62,1614468720,45301.83,45453.78,45340.98,45444.29,22.57406242
63,1614468660,45209.19,45378.53,45373.58,45345.62,33.20670936
64,1614468600,45148.24,45372.37,45216.28,45372.37,35.20466447
65,1614468540,45100.0,45248.43,45146.47,45215.61,45.11067135
66,1614468480,45055.0,45159.41,45159.41,45130.96,62.80814795
67,1614468420,45113.71,45220.78,45207.46,45165.61,26.81449846
68,1614468360,45174.96,45360.01,45218.32,45182.27,35.72064613
69,1614468300,45151.0,45302.89,45299.28,45229.01,83.30364061
70,1614468240,45299.3,45384.19,45375.01,45299.3,31.21971436
71,1614468180,45303.26,45432.02,45391.25,45386.85,17.25458368
72,1614468120,45385.3,45582.09,45567.19,45391.25,23.93309399
73,1614468060,45410.63,45605.23,45410.63,45567.98,20.16380627
74,1614468000,45322.91,45419.42,45345.41,45415.55,22.8499653
75,1614467940,45272.84,45377.09,45305.6,45345.41,37.47593607
76,1614467880,45266.52,45426.23,45340.63,45290.0,59.9748219
77,1614467820,45307.58,45581.46,45575.6,45346.16,76.5451161
78,1614467760,45510.31,45619.27,45551.78,45577.77,41.53697928
79,1614467700,45460.0,45683.24,45490.0,45551.78,44.26800541
80,1614467640,45480.0,45554.91,45549.07,45490.0,32.70448532
81,1614467580,45487.0,45632.23,45616.15,45556.79,27.95309052
82,1614467520,45616.15,45707.82,45701.29,45616.16,19.09582782
83,1614467460,45648.75,45740.77,45648.75,45701.29,29.5826962
84,1614467400,45642.0,45900.65,45726.65,45654.95,52.03822029
85,1614467340,45563.12,45822.01,45568.05,45722.13,50.26086559
86,1614467280,45457.69,45575.61,45457.69,45570.34,19.05318627
87,1614467220,45449.0,45540.62,45523.61,45457.69,107.93667856
88,1614467160,45512.1,45632.23,45587.43,45523.62,55.29745252
89,1614467100,45551.0,45673.17,45594.27,45587.43,119.64629695
90,1614467040,45594.26,45700.0,45633.92,45594.27,70.16378444
91,1614466980,45627.25,45740.72,45700.0,45634.21,21.2948669
92,1614466920,45653.94,45812.95,45751.42,45707.49,42.21093276
93,1614466860,45750.01,45955.39,45950.79,45751.43,58.31806867
94,1614466800,45800.0,45999.99,45880.26,45973.22,92.94625702
95,1614466740,45810.0,46016.37,46016.0,45889.07,58.13627916
96,1614466680,45915.16,46336.0,46336.0,46017.56,168.30976929
97,1614466620,46336.0,46412.96,46409.51,46336.01,5.84884587
98,1614466560,46403.61,46443.93,46409.43,46410.42,9.89024966
99,1614466500,46400.0,46452.24,46441.2,46420.62,7.45148424
100,1614466440,46440.35,46536.0,46503.43,46442.63,7.99417723
101,1614466380,46430.43,46520.0,46439.56,46499.95,8.70107448
102,1614466320,46365.23,46450.04,46386.06,46441.28,17.93200944
103,1614466260,46386.06,46484.05,46420.0,46396.12,5.18415256
104,1614466200,46425.0,46478.01,46476.74,46425.0,7.8125356
105,1614466140,46475.0,46549.44,46549.44,46476.74,10.49825809
106,1614466080,46542.12,46558.08,46544.91,46549.44,4.41816039
107,1614466020,46519.82,46558.09,46541.21,46549.05,7.01003539
108,1614465960,46515.0,46576.68,46546.43,46539.85,9.74695048
109,1614465900,46539.56,46619.96,46605.8,46553.69,12.13419882
110,1614465840,46600.0,46640.89,46615.27,46606.52,11.26580438
111,1614465780,46615.27,46689.82,46676.83,46615.27,10.32511668
112,1614465720,46615.47,46693.69,46641.86,46693.69,9.14033112
113,1614465660,46594.37,46714.99,46708.92,46633.23,12.28724047
114,1614465600,46585.07,46728.39,46711.45,46705.78,13.38602235
115,1614465540,46520.28,46730.87,46529.34,46720.67,16.18272807
116,1614465480,46491.71,46528.47,46503.39,46528.46,5.17906646
117,1614465420,46491.7,46507.75,46491.71,46507.75,5.39830762
118,1614465360,46489.11,46519.22,46519.22,46498.6,3.40848529
119,1614465300,46503.5,46525.14,46516.43,46519.24,4.70497799
120,1614465240,46485.8,46517.35,46510.74,46516.83,4.76349099
121,1614465180,46476.59,46540.6,46479.78,46506.6,23.56484807
122,1614465120,46472.82,46497.49,46482.93,46479.78,22.27223523
123,1614465060,46462.18,46530.09,46468.0,46482.93,12.39583172
124,1614465000,46386.06,46480.76,46390.5,46467.48,31.32580319
125,1614464940,46390.5,46533.27,46519.85,46390.51,23.08768609
126,1614464880,46362.3,46537.96,46372.51,46508.52,33.4976116
127,1614464820,46324.97,46384.48,46376.22,46376.84,13.21510268
128,1614464760,46362.57,46430.81,46427.91,46376.23,14.87775267
129,1614464700,46408.64,46467.27,46464.07,46427.91,23.46759734
130,1614464640,46462.64,46621.09,46615.94,46468.32,33.36480248
131,1614464580,46562.28,46626.85,46617.47,46616.45,34.8147767
132,1614464520,46548.49,46628.51,46570.92,46625.55,19.51809773
133,1614464460,46530.18,46592.64,46530.18,46570.93,24.38593211
134,1614464400,46453.77,46591.57,46466.09,46530.18,71.26182523
135,1614464340,46393.29,46516.74,46393.29,46474.03,55.12940515
136,1614464280,46389.74,46393.3,46389.74,46393.3,10.9571179
137,1614464220,46380.0,46449.64,46395.55,46389.74,23.70179384
138,1614464160,46387.88,46539.75,46488.99,46395.55,27.85049113
139,1614464100,46315.94,46628.37,46626.73,46488.98,218.88747226
140,1614464040,46618.31,46679.73,46618.31,46635.82,13.60673145
141,1614463980,46614.29,46710.01,46690.24,46618.31,41.35673857
142,1614463920,46631.78,46704.76,46631.79,46688.83,15.36828535
143,1614463860,46631.78,46742.54,46736.86,46631.78,68.32123621
144,1614463800,46747.55,46822.16,46809.75,46756.3,20.50268311
145,1614463740,46667.1,46809.75,46698.18,46809.74,13.0285321
146,1614463680,46696.17,46795.9,46795.9,46698.18,23.30179121
147,1614463620,46795.89,46824.73,46824.53,46795.9,3.07966549
148,1614463560,46805.43,46823.68,46810.01,46823.26,6.34449644
149,1614463500,46810.01,46842.0,46842.0,46810.01,4.08372191
150,1614463440,46804.8,46859.42,46834.16,46842.01,9.89643517
151,1614463380,46795.89,46866.79,46795.9,46834.15,7.51822115
152,1614463320,46750.62,46804.26,46750.62,46796.33,6.21879818
153,1614463260,46750.0,46825.95,46825.77,46753.87,3.9683733
154,1614463200,46800.08,46872.16,46872.16,46825.91,30.00694749
155,1614463140,46842.63,46872.16,46842.64,46872.15,7.87561946
156,1614463080,46815.0,46853.65,46815.01,46842.63,2.85932143
157,1614463020,46814.89,46855.32,46854.54,46815.01,5.19909094
158,1614462960,46812.44,46873.05,46812.45,46857.7,4.35043946
159,1614462900,46806.54,46838.84,46833.8,46812.45,6.87835708
160,1614462840,46803.59,46850.19,46826.33,46831.07,6.06064945
161,1614462780,46788.16,46840.17,46788.16,46826.22,11.19580386
162,1614462720,46788.15,46836.78,46790.66,46788.15,5.24300898
163,1614462660,46750.0,46826.92,46784.27,46790.17,22.40674588
164,1614462600,46740.0,46788.28,46747.66,46784.27,5.54018972
165,1614462540,46721.0,46760.11,46721.01,46750.0,5.57930563
166,1614462480,46654.13,46738.14,46696.35,46721.02,23.55024219
167,1614462420,46632.47,46727.23,46665.64,46697.3,7.28538223
168,1614462360,46600.0,46724.62,46640.0,46681.0,44.39878715
169,1614462300,46627.4,46781.48,46749.05,46642.44,13.74735593
170,1614462240,46704.02,46809.62,46789.48,46749.04,10.14160196
171,1614462180,46631.05,46791.28,46704.19,46789.16,38.73418755
172,1614462120,46700.0,46813.93,46804.63,46705.24,17.22219374
173,1614462060,46794.26,46990.67,46990.45,46808.74,82.99766402
174,1614462000,46987.13,47005.83,46987.54,46990.46,6.76953726
175,1614461940,46987.13,47020.01,47007.17,46987.53,15.91572049
176,1614461880,46987.13,47049.87,46995.43,47013.01,14.78126993
177,1614461820,46964.84,47000.0,46964.84,46995.67,4.39387564
178,1614461760,46953.24,46990.05,46977.74,46964.84,5.79447584
179,1614461700,46962.44,47021.7,47021.44,46983.61,8.92825775
180,1614461640,46991.56,47055.06,47038.81,47021.7,6.5180897
181,1614461580,47014.57,47092.48,47092.48,47034.94,25.66275518
182,1614461520,47092.48,47135.59,47119.62,47092.48,12.78207498
183,1614461460,47106.11,47133.01,47106.12,47119.62,4.05398229
184,1614461400,47099.99,47130.02,47099.99,47110.88,15.07664241
185,1614461340,47099.99,47140.11,47140.11,47100.0,11.09709532
186,1614461280,47095.17,47145.47,47095.27,47145.47,3.56858853
187,1614461220,47054.47,47100.0,47099.77,47099.92,5.54049094
188,1614461160,47058.6,47100.0,47073.44,47100.0,3.55275536
189,1614461100,47014.01,47081.08,47027.69,47073.76,4.67297732
190,1614461040,47027.69,47062.32,47037.07,47027.7,2.8174891
191,1614460980,46993.98,47042.72,46994.65,47030.3,4.69064886
192,1614460920,46979.59,47045.32,47035.92,46993.99,11.2886468
193,1614460860,47003.02,47059.3,47056.05,47035.92,15.07511672
194,1614460800,47045.4,47122.25,47122.25,47050.44,5.62366532
195,1614460740,47100.0,47170.0,47169.99,47122.24,29.35567517
196,1614460680,47150.0,47170.0,47150.0,47170.0,8.19322436
197,1614460620,47150.0,47175.99,47170.01,47150.0,29.14750927
198,1614460560,47170.0,47195.3,47172.53,47170.01,12.6700702
199,1614460500,47156.7,47176.25,47156.71,47172.53,6.68099142
200,1614460440,47156.7,47156.71,47156.7,47156.71,5.1443128
201,1614460380,47156.7,47171.04,47161.13,47156.71,15.23393249
202,1614460320,47137.32,47161.19,47142.68,47161.13,4.53413578
203,1614460260,47142.67,47170.17,47162.91,47142.68,4.2657923
204,1614460200,47154.75,47171.54,47156.24,47162.9,3.18318736
205,1614460140,47136.81,47160.0,47152.13,47155.6,8.23514569
206,1614460080,47114.68,47152.13,47114.68,47152.13,7.74021077
207,1614460020,47069.99,47114.68,47086.36,47114.68,7.02006412
208,1614459960,47086.35,47172.27,47138.02,47086.36,24.07649868
209,1614459900,47138.01,47183.18,47182.67,47138.02,6.53039824
210,1614459840,47112.61,47182.68,47175.75,47182.68,14.9505408
211,1614459780,47154.71,47200.0,47154.71,47175.75,8.88135695
212,1614459720,47094.69,47176.66,47116.2,47154.72,5.18103558
213,1614459660,47088.14,47138.42,47088.15,47116.2,4.70476941
214,1614459600,47031.01,47115.23,47115.23,47088.15,15.50448754
215,1614459540,47019.15,47115.23,47061.08,47115.22,5.68351496
216,1614459480,47011.55,47099.14,47099.14,47061.09,16.00886286
217,1614459420,47070.95,47099.15,47075.02,47099.15,5.92760409
218,1614459360,47074.77,47121.41,47121.14,47074.77,10.12740084
219,1614459300,47046.08,47152.94,47078.59,47121.92,6.73244161
220,1614459240,47052.42,47154.41,47114.43,47078.59,6.83333699
221,1614459180,47059.98,47127.93,47127.93,47114.43,11.09683501
222,1614459120,47120.78,47234.84,47234.84,47127.93,10.01520919
223,1614459060,47194.77,47250.0,47217.45,47237.92,4.23076124
224,1614459000,47176.29,47217.45,47182.11,47217.45,8.40394388
225,1614458940,47127.42,47187.0,47150.54,47185.16,9.81812231
226,1614458880,47070.54,47161.4,47079.58,47154.91,10.87490697
227,1614458820,47025.23,47082.25,47026.66,47082.25,7.07565971
228,1614458760,46980.2,47027.73,46980.2,47026.66,14.08676259
229,1614458700,46945.02,47026.22,47026.22,46980.19,22.80248541
230,1614458640,46998.08,47044.99,46998.09,47029.8,13.15076388
231,1614458580,46944.11,47061.11,47039.77,46998.09,24.38741313
232,1614458520,47000.0,47180.84,47157.27,47039.77,29.76693582
233,1614458460,47157.26,47277.48,47264.45,47157.26,17.27171005
234,1614458400,47262.95,47335.59,47335.58,47264.45,9.68416155
235,1614458340,47333.35,47366.56,47362.06,47335.59,13.71547685
236,1614458280,47320.97,47364.21,47335.99,47362.06,7.01583512
237,1614458220,47313.44,47351.37,47334.18,47336.0,10.3914304
238,1614458160,47319.79,47377.04,47371.59,47334.19,6.52922852
239,1614458100,47354.93,47383.45,47373.95,47371.6,11.68605488
240,1614458040,47305.44,47373.96,47305.45,47373.96,10.80830747
241,1614457980,47305.27,47341.34,47305.28,47307.51,3.61391633
242,1614457920,47300.0,47378.71,47369.24,47305.27,22.65363703
243,1614457860,47369.23,47400.0,47399.54,47369.23,6.02629972
244,1614457800,47363.0,47420.0,47363.0,47395.6,4.76438859
245,1614457740,47351.99,47389.74,47389.74,47358.27,7.6288616
246,1614457680,47367.9,47393.86,47379.81,47389.74,5.45816547
247,1614457620,47366.69,47391.63,47373.66,47379.81,4.74189719
248,1614457560,47366.69,47405.8,47387.5,47366.7,5.07216572
249,1614457500,47386.03,47448.61,47440.14,47387.37,6.49984238
250,1614457440,47400.01,47457.67,47411.69,47440.14,12.11227081
251,1614457380,47366.69,47445.38,47426.0,47411.68,9.24983971
252,1614457320,47403.42,47431.09,47414.19,47424.97,9.42390191
253,1614457260,47340.55,47414.19,47358.41,47414.19,13.61537456
254,1614457200,47353.97,47415.71,47396.54,47358.41,14.27258596
255,1614457140,47360.68,47426.32,47375.07,47396.54,7.23532884
256,1614457080,47339.99,47390.3,47340.72,47372.29,5.36743161
257,1614457020,47296.64,47344.82,47303.46,47344.73,6.3514425
258,1614456960,47292.63,47375.93,47300.0,47305.42,19.39133118
259,1614456900,47272.71,47300.0,47299.64,47300.0,10.546422
260,1614456840,47250.0,47322.19,47268.89,47303.4,20.44477548
261,1614456780,47246.62,47268.9,47246.63,47268.9,7.05647589
262,1614456720,47242.55,47261.24,47261.24,47246.62,9.75930863
263,1614456660,47248.98,47261.24,47248.98,47261.24,6.49096513
264,1614456600,47216.3,47278.25,47277.37,47248.98,5.11920941
265,1614456540,47237.48,47276.63,47276.63,47275.74,7.70323237
266,1614456480,47243.85,47289.14,47289.14,47276.64,12.95507661
267,1614456420,47258.79,47300.8,47279.93,47291.51,9.19190916
268,1614456360,47263.0,47370.59,47338.06,47280.46,19.02380891
269,1614456300,47295.12,47356.27,47356.27,47338.07,13.56634174
270,1614456240,47346.58,47414.47,47402.73,47356.27,7.1356854
271,1614456180,47385.31,47467.42,47442.06,47406.98,10.17175095
272,1614456120,47434.5,47512.01,47512.0,47442.06,24.98733691
273,1614456060,47476.22,47537.87,47531.98,47509.91,19.90141681
274,1614456000,47447.63,47592.99,47449.62,47531.98,30.77414785
275,1614455940,47434.29,47487.9,47470.98,47450.0,7.28919283
276,1614455880,47449.08,47490.0,47449.99,47470.98,7.37397432
277,1614455820,47371.7,47452.47,47371.7,47449.85,9.89354483
278,1614455760,47348.96,47371.7,47349.07,47371.7,3.93186147
279,1614455700,47349.07,47400.0,47400.0,47349.07,9.02266277
280,1614455640,47390.69,47430.53,47430.53,47400.0,6.88399553
281,1614455580,47422.51,47468.28,47439.94,47430.53,13.69009129
282,1614455520,47348.96,47448.97,47353.68,47448.42,15.33080787
283,1614455460,47343.85,47428.95,47428.95,47359.88,11.81670031
284,1614455400,47404.07,47435.95,47416.44,47435.95,9.30238185
285,1614455340,47359.16,47418.06,47364.52,47416.44,4.50197558
286,1614455280,47357.55,47384.57,47374.45,47364.51,7.47967876
287,1614455220,47343.36,47395.7,47381.39,47378.18,5.7887713
288,1614455160,47330.84,47388.68,47330.85,47385.14,9.95108843
289,1614455100,47293.77,47333.68,47298.47,47330.85,5.18293042
290,1614455040,47265.54,47299.0,47286.47,47292.9,2.98194984
291,1614454980,47271.51,47299.0,47296.23,47286.47,2.49975807
292,1614454920,47249.99,47296.68,47250.0,47287.33,4.29256167
293,1614454860,47248.83,47250.0,47248.83,47250.0,2.44374781
294,1614454800,47218.02,47268.16,47248.41,47248.84,5.27320632
295,1614454740,47250.6,47289.6,47255.0,47250.67,8.04846186
296,1614454680,47245.55,47310.0,47289.81,47248.38,14.45203752
297,1614454620,47288.03,47310.0,47290.01,47289.81,3.64059964
298,1614454560,47273.56,47309.21,47273.56,47295.66,7.25871645
299,1614454500,47271.16,47288.3,47277.81,47273.56,2.7699123
0,1614454440,47239.13,47274.6,47257.7,47274.6,2.64514178
1,1614454380,47223.31,47280.84,47280.84,47257.7,5.81572173
2,1614454320,47274.26,47322.04,47315.27,47280.84,4.41012061
3,1614454260,47210.01,47350.63,47215.94,47315.27,13.82376337
4,1614454200,47219.35,47250.61,47231.71,47226.53,3.16108854
5,1614454140,47157.86,47260.99,47200.01,47231.71,5.81577552
6,1614454080,47200.0,47225.05,47200.86,47200.0,3.97592978
7,1614454020,47200.86,47239.73,47213.7,47200.86,3.26722223
8,1614453960,47206.54,47252.56,47235.82,47217.71,8.69302608
9,1614453900,47230.97,47274.33,47274.33,47235.81,4.52291063
10,1614453840,47226.57,47296.25,47230.46,47284.84,5.33934899
11,1614453780,47230.95,47272.85,47252.0,47237.39,5.95723311
12,1614453720,47230.95,47266.22,47266.22,47249.18,2.1632313
13,1614453660,47226.73,47302.25,47286.07,47265.18,12.47805452
14,1614453600,47283.33,47364.48,47342.14,47286.07,10.90583402
15,1614453540,47323.02,47349.0,47346.41,47342.14,6.15014666
16,1614453480,47300.0,47400.0,47381.42,47346.41,9.35851464
17,1614453420,47362.92,47408.34,47408.33,47381.41,20.39620735
18,1614453360,47408.33,47420.0,47408.33,47408.34,3.76409795
19,1614453300,47362.02,47426.0,47420.93,47408.34,32.22217256
20,1614453240,47360.0,47420.93,47380.45,47420.93,6.39187012
21,1614453180,47364.21,47450.09,47450.09,47380.46,15.62125083
22,1614453120,47375.83,47468.28,47375.84,47450.09,15.89682759
23,1614453060,47365.64,47426.74,47426.74,47375.84,7.44593517
24,1614453000,47322.8,47430.0,47322.8,47420.29,25.81391539
25,1614452940,47276.05,47361.22,47280.38,47328.01,10.3300886
26,1614452880,47162.16,47281.73,47162.16,47281.71,7.21380196
27,1614452820,47151.96,47167.75,47163.79,47162.17,4.88249155
28,1614452760,47154.87,47216.21,47216.21,47163.79,5.04064029
29,1614452700,47177.75,47218.31,47180.95,47216.2,2.98903871
30,1614452640,47147.11,47184.5,47165.67,47180.6,5.88521342
31,1614452580,47119.78,47200.0,47175.77,47165.66,8.9076081
32,1614452520,47175.61,47175.77,47175.77,47175.76,1.15989095
33,1614452460,47114.78,47175.77,47114.78,47175.77,6.97822564
34,1614452400,47076.65,47175.02,47175.01,47119.91,10.77285476
35,1614452340,47170.01,47190.01,47190.01,47175.01,12.57206731
36,1614452280,47190.0,47194.89,47190.01,47192.12,4.86291264
37,1614452220,47188.57,47218.31,47216.04,47190.01,4.60498067
38,1614452160,47163.36,47216.04,47186.86,47216.04,4.79558074
39,1614452100,47185.83,47209.57,47205.28,47186.85,4.9602649
40,1614452040,47185.83,47215.08,47193.08,47205.53,8.43721537
41,1614451980,47185.83,47220.53,47185.83,47193.09,11.48144617
42,1614451920,47144.27,47189.58,47183.01,47185.83,4.05057225
43,1614451860,47163.45,47235.74,47179.98,47183.02,9.07871629
44,1614451800,47179.98,47241.79,47218.37,47179.99,13.07771607
45,1614451740,47218.37,47218.39,47218.39,47218.37,3.35556768
46,1614451680,47218.37,47263.02,47218.38,47218.39,6.73641393
47,1614451620,47213.2,47250.0,47250.0,47218.38,3.55000175
48,1614451560,47250.0,47349.33,47311.55,47250.01,5.20869649
49,1614451500,47277.53,47322.53,47285.44,47311.56,5.60715134
50,1614451440,47272.86,47303.19,47280.76,47284.7,9.36249117
51,1614451380,47280.75,47316.01,47316.01,47280.75,22.61730259
52,1614451320,47296.37,47342.2,47296.37,47316.01,6.93781469
53,1614451260,47280.55,47349.23,47335.72,47306.7,15.2691507
54,1614451200,47290.0,47349.47,47290.0,47348.8,18.45301471
55,1614451140,47223.19,47290.0,47223.19,47290.0,10.66081573
56,1614451080,47199.84,47226.92,47199.84,47223.2,5.17376325
57,1614451020,47185.0,47235.4,47219.33,47199.84,10.31152174
58,1614450960,47220.0,47254.99,47254.99,47231.67,12.48453006
59,1614450900,47229.77,47255.0,47229.78,47254.99,10.90570077
60,1614450840,47212.26,47244.53,47217.73,47229.78,6.4697993
61,1614450780,47173.1,47230.35,47230.35,47217.73,25.76956853
62,1614450720,47200.0,47255.25,47255.24,47227.08,6.4311641
63,1614450660,47189.0,47277.0,47189.0,47254.59,13.34242148
64,1614450600,47087.09,47189.0,47087.99,47188.99,14.25776999
65,1614450540,47034.76,47088.0,47034.77,47087.99,5.02392716
66,1614450480,47033.44,47039.21,47033.45,47034.77,4.12955676
67,1614450420,47028.41,47047.24,47029.11,47033.45,5.58884792
68,1614450360,46994.71,47038.5,47029.34,47029.14,26.84266447
69,1614450300,47026.27,47050.58,47037.12,47029.33,7.72938731
70,1614450240,47021.48,47046.84,47026.54,47037.12,6.980849
71,1614450180,47021.48,47048.0,47021.49,47026.54,4.02022635
72,1614450120,46992.68,47023.81,47004.25,47021.48,3.58500249
73,1614450060,46980.0,47000.0,46985.01,47000.0,2.38824171
74,1614450000,46980.14,47023.5,47023.49,46985.01,4.04614888
75,1614449940,46966.39,47023.5,47002.83,47023.5,7.623835
76,1614449880,46958.19,47015.67,46964.93,47002.84,2.54617376
77,1614449820,46949.23,47050.01,47050.0,46964.93,4.885881
78,1614449760,47050.0,47118.06,47050.0,47050.01,3.86477001
79,1614449700,47008.0,47050.0,47012.68,47050.0,10.17570728
80,1614449640,47008.0,47060.25,47031.85,47019.81,6.44580436
81,1614449580,47005.87,47050.32,47050.32,47031.86,11.58318201
82,1614449520,47030.49,47055.62,47030.49,47050.32,2.69417076
83,1614449460,46957.83,47039.83,46965.28,47039.83,6.43935523
84,1614449400,46961.68,47006.04,46997.17,46961.68,3.90983925
85,1614449340,46987.21,47091.24,47091.24,46987.21,17.24185992
86,1614449280,47089.67,47108.0,47092.94,47091.24,3.4951889
87,1614449220,47079.87,47140.8,47140.8,47096.92,6.85207409
88,1614449160,47140.79,47145.67,47145.67,47140.8,4.73709897
89,1614449100,47143.29,47169.45,47160.23,47145.67,5.4137366
90,1614449040,47160.22,47165.81,47165.81,47160.23,3.66158582
91,1614448980,47140.8,47181.74,47140.8,47165.81,1.7978731
92,1614448920,47136.38,47183.6,47183.42,47140.8,32.21173848
93,1614448860,47124.31,47183.43,47124.31,47183.43,7.31000257
94,1614448800,47097.81,47171.56,47097.82,47122.27,7.38772743
95,1614448740,47088.32,47110.0,47088.33,47097.82,4.91729762
96,1614448680,47031.05,47109.12,47047.59,47088.33,6.39087367
97,1614448620,47008.27,47088.16,47008.28,47047.6,19.52703313
98,1614448560,47000.0,47044.47,47042.17,47008.24,4.18734603
99,1614448500,47029.36,47071.43,47037.0,47042.17,5.75314774
100,1614448440,47020.48,47049.02,47035.33,47037.0,8.81904638
101,1614448380,47025.64,47081.64,47030.89,47035.33,3.725311
102,1614448320,46961.87,47039.14,46961.87,47033.42,5.59342643
103,1614448260,46919.94,46988.54,46988.54,46959.16,12.85306249
104,1614448200,46952.15,46988.53,46970.8,46988.53,9.71097427
105,1614448140,46970.79,46993.52,46970.79,46970.81,5.78950502
106,1614448080,46940.71,47005.89,46940.73,46970.79,3.62642196
107,1614448020,46914.05,46950.29,46914.31,46943.26,4.42177809
108,1614447960,46862.54,46920.63,46915.54,46920.63,2.74266965
109,1614447900,46907.73,47000.0,46949.69,46915.7,7.51861111
110,1614447840,46869.38,46952.83,46923.44,46949.69,8.60747228
111,1614447780,46886.23,46935.07,46931.56,46923.44,24.88885106
112,1614447720,46916.46,46934.43,46927.45,46931.56,8.83417872
113,1614447660,46927.45,46962.75,46962.74,46927.45,7.8352862
114,1614447600,46930.0,46997.76,46930.01,46962.74,7.49275479
115,1614447540,46930.0,46972.99,46972.98,46930.01,9.00508546
116,1614447480,46972.98,46976.95,46972.98,46972.99,8.37668147
117,1614447420,46970.54,47034.92,47034.91,46972.99,35.84394781
118,1614447360,47034.91,47049.81,47042.29,47034.91,4.55078659
119,1614447300,47039.7,47052.17,47052.17,47043.12,4.11183676
120,1614447240,47033.31,47061.59,47033.31,47055.7,5.22607763
121,1614447180,47033.0,47054.54,47033.01,47033.32,6.11189075
122,1614447120,47031.8,47062.81,47037.78,47037.1,6.41483916
123,1614447060,47035.02,47107.77,47071.98,47037.77,9.97664941
124,1614447000,47018.59,47083.01,47030.66,47071.77,15.08035212
125,1614446940,47023.13,47051.54,47051.54,47034.58,18.07205024
126,1614446880,47041.65,47064.59,47044.27,47047.14,6.00771857
127,1614446820,47041.74,47096.58,47080.47,47044.28,2.08947981
128,1614446760,47080.46,47101.03,47091.45,47080.47,7.40368933
129,1614446700,47087.04,47129.7,47129.7,47089.14,15.41372915
130,1614446640,47110.44,47180.8,47114.22,47129.54,8.68299741
131,1614446580,47100.01,47139.65,47100.01,47114.22,3.93177298
132,1614446520,47057.28,47104.92,47100.01,47100.01,8.61164199
133,1614446460,47100.0,47189.8,47174.16,47100.0,15.67379851
134,1614446400,47136.49,47215.51,47136.49,47174.24,10.4541188
135,1614446340,47095.12,47176.05,47157.88,47136.48,5.14781889
136,1614446280,47003.07,47157.89,47035.0,47157.89,10.56857717
137,1614446220,46915.26,47035.0,46918.75,47035.0,8.91993138
138,1614446160,46899.99,46924.28,46915.26,46918.74,3.37569203
139,1614446100,46897.25,46927.55,46923.74,46915.26,4.05625019
140,1614446040,46876.15,46932.14,46876.16,46924.78,5.71715282
141,1614445980,46876.15,46896.77,46876.16,46876.15,6.40709547
142,1614445920,46836.58,46890.71,46836.58,46876.16,2.54953609
143,1614445860,46820.15,46877.02,46877.02,46837.01,4.39821491
144,1614445800,46839.17,46886.96,46848.3,46879.77,3.31075175
145,1614445740,46788.55,46848.3,46818.1,46848.3,8.0731594
146,1614445680,46818.09,46841.23,46818.11,46818.1,10.41488308
147,1614445620,46762.99,46827.37,46777.69,46818.11,2.48321838
148,1614445560,46765.41,46834.52,46825.14,46777.69,3.40343821
149,1614445500,46818.0,46895.0,46855.95,46828.26,8.1924994
150,1614445440,46829.32,46912.62,46912.62,46855.95,22.92583072
151,1614445380,46904.03,46929.88,46904.03,46912.61,2.17453862
152,1614445320,46890.36,46958.56,46958.55,46904.02,5.68668627
153,1614445260,46919.36,46964.9,46924.26,46957.89,4.04770748
154,1614445200,46865.97,46940.98,46929.88,46921.81,13.41991919
155,1614445140,46901.31,46944.99,46921.53,46929.89,4.28785199
156,1614445080,46904.33,46952.56,46904.34,46921.53,4.09416929
157,1614445020,46872.14,46909.59,46883.2,46904.34,3.11677489
158,1614444960,46847.38,46907.62,46896.07,46882.59,4.9036984
159,1614444900,46887.98,46924.57,46916.86,46901.68,4.92317012
160,1614444840,46881.65,46960.28,46900.88,46923.78,6.32356296
161,1614444780,46833.33,46915.34,46866.54,46900.88,15.7036489
162,1614444720,46863.54,46918.18,46900.38,46866.55,17.7048276
163,1614444660,46888.0,46938.56,46906.95,46900.39,5.82819577
164,1614444600,46873.71,46915.2,46874.35,46898.54,5.29051278
165,1614444540,46836.61,46893.66,46893.66,46874.35,7.15781177
166,1614444480,46836.61,46895.46,46869.56,46893.88,12.1767369
167,1614444420,46811.71,46870.0,46844.64,46865.59,5.92145172
168,1614444360,46787.19,46936.25,46936.25,46844.55,19.34375466
169,1614444300,46880.01,46932.61,46883.58,46932.61,4.24204649
170,1614444240,46840.43,46886.04,46862.04,46881.99,2.87211045
171,1614444180,46809.27,46862.04,46821.89,46862.04,2.78569531
172,1614444120,46679.35,46821.89,46691.54,46821.89,7.82383975
173,1614444060,46688.76,46833.62,46832.58,46688.76,6.35480949
174,1614444000,46832.57,46894.56,46860.1,46832.58,5.43953993
175,1614443940,46820.01,46867.64,46866.83,46860.1,13.75764468
176,1614443880,46853.93,46890.47,46859.44,46866.83,5.50629799
177,1614443820,46827.6,46860.39,46842.3,46859.44,5.63386289
178,1614443760,46800.01,46850.62,46837.04,46841.31,12.44536938
179,1614443700,46814.94,46864.17,46864.17,46837.03,3.00639306
180,1614443640,46814.93,46864.17,46814.94,46864.17,4.0791105
181,1614443580,46814.93,46882.2,46815.71,46814.94,8.73249233
182,1614443520,46812.53,46867.3,46867.3,46815.7,6.05829003
183,1614443460,46867.3,46902.07,46902.07,46867.31,3.39557211
184,1614443400,46902.06,46990.93,46990.53,46902.07,13.19304893
185,1614443340,46895.3,46990.93,46906.59,46990.93,8.00221976
186,1614443280,46863.68,46925.08,46899.57,46906.59,12.15340851
187,1614443220,46833.7,46910.61,46844.57,46894.38,8.66276729
188,1614443160,46796.93,46842.77,46826.84,46842.77,4.33331394
189,1614443100,46790.0,46844.56,46821.6,46830.5,4.55507172
190,1614443040,46786.36,46854.66,46831.52,46812.99,4.95158837
191,1614442980,46773.08,46857.59,46834.4,46831.51,14.72417402
192,1614442920,46822.26,46890.53,46858.07,46834.39,15.68651756
193,1614442860,46792.99,46872.16,46836.21,46853.4,5.65702796
194,1614442800,46830.49,46891.96,46863.67,46839.15,4.44690611
195,1614442740,46823.99,46903.01,46878.04,46859.42,4.3866978
196,1614442680,46824.11,46931.23,46928.92,46870.71,10.02452222
197,1614442620,46840.0,46977.92,46859.34,46932.91,11.11262087
198,1614442560,46742.48,46865.79,46749.79,46858.29,2.81265089
199,1614442500,46719.25,46806.16,46806.16,46742.19,5.04465254
200,1614442440,46735.04,46814.08,46743.27,46797.21,5.96963929
201,1614442380,46736.73,46778.19,46758.3,46743.28,6.98851281
202,1614442320,46750.51,46833.88,46799.28,46763.24,5.45068297
203,1614442260,46771.45,46815.19,46777.46,46808.64,6.91305944
204,1614442200,46750.0,46800.42,46799.45,46777.47,19.49697894
205,1614442140,46766.87,46814.16,46771.61,46800.25,8.75841146
206,1614442080,46750.98,46823.24,46796.37,46782.17,11.02324202
207,1614442020,46743.11,46837.87,46797.35,46790.15,14.92490606
208,1614441960,46717.34,46821.42,46790.62,46801.88,6.54315909
209,1614441900,46774.96,46859.08,46836.95,46792.06,26.40025485
210,1614441840,46686.89,46839.55,46788.55,46839.55,29.30089486
211,1614441780,46634.62,46788.55,46634.62,46788.55,10.61340479
212,1614441720,46457.28,46634.62,46502.47,46634.62,23.26706536
213,1614441660,46313.55,46498.35,46370.42,46498.35,40.75992671
214,1614441600,46366.86,46576.27,46561.75,46366.87,32.09214096
215,1614441540,46537.33,46695.06,46689.33,46561.75,9.95081587
216,1614441480,46685.22,46722.81,46700.0,46685.22,5.24789566
217,1614441420,46640.94,46701.22,46701.22,46700.0,11.39167204
218,1614441360,46662.22,46720.27,46667.15,46696.7,4.20784189
219,1614441300,46636.9,46724.56,46696.11,46671.2,7.3100134
220,1614441240,46677.34,46724.56,46677.34,46696.11,5.81589253
221,1614441180,46672.54,46717.2,46685.54,46677.34,6.47089803
222,1614441120,46647.1,46725.7,46725.7,46685.54,10.87091195
223,1614441060,46685.22,46750.49,46707.46,46725.91,8.10735307
224,1614441000,46660.26,46751.7,46696.19,46713.8,9.01754875
225,1614440940,46685.0,46751.54,46748.29,46695.41,16.74939967
226,1614440880,46684.36,46781.69,46729.05,46748.3,8.48648168
227,1614440820,46603.21,46784.39,46606.45,46726.84,21.2794133
228,1614440760,46478.06,46670.59,46519.34,46594.65,16.74962634
229,1614440700,46460.32,46597.08,46597.08,46510.07,17.92702903
230,1614440640,46554.21,46597.08,46575.26,46597.08,5.19174791
231,1614440580,46510.01,46597.08,46530.0,46578.79,9.04005371
232,1614440520,46533.62,46649.99,46574.24,46533.62,19.99389027
233,1614440460,46468.9,46600.99,46535.73,46574.25,12.45771685
234,1614440400,46423.2,46581.42,46468.48,46543.82,17.09104177
235,1614440340,46408.25,46539.14,46408.81,46476.39,25.87451235
236,1614440280,46370.5,46509.93,46373.98,46407.54,15.45186986
237,1614440220,46363.63,46584.93,46533.26,46373.74,80.5187112
238,1614440160,46510.0,46756.14,46756.14,46520.06,14.60985172
239,1614440100,46600.0,46752.08,46666.9,46752.08,9.91715284
240,1614440040,46578.69,46818.15,46818.15,46656.34,25.17442548
241,1614439980,46746.13,46833.91,46795.81,46818.14,9.89854807
242,1614439920,46677.35,46816.01,46677.35,46796.79,18.77087164
243,1614439860,46649.17,46870.28,46870.28,46669.22,44.61058739
244,1614439800,46639.37,47087.57,47087.57,46871.04,63.62674534
245,1614439740,47051.81,47171.94,47171.94,47095.36,4.66311729
246,1614439680,47108.34,47201.22,47108.34,47164.76,9.70980004
247,1614439620,47108.33,47245.27,47237.37,47108.33,15.84138491
248,1614439560,47190.89,47335.63,47335.63,47235.14,20.13118836
249,1614439500,47199.07,47335.63,47199.08,47335.62,11.57443744
250,1614439440,47111.18,47207.74,47137.38,47196.04,8.6626329
251,1614439380,47137.37,47171.49,47171.49,47137.38,10.23069392
252,1614439320,47145.57,47192.12,47180.81,47171.49,2.65156039
253,1614439260,47168.92,47238.87,47179.85,47180.77,3.18291814
254,1614439200,47145.56,47250.0,47250.0,47145.56,21.14707675
255,1614439140,47248.77,47344.14,47343.57,47250.0,17.60959342
256,1614439080,47334.41,47362.39,47334.42,47346.67,3.08833562
257,1614439020,47321.28,47385.65,47380.06,47334.42,12.04695886
258,1614438960,47274.43,47387.7,47274.43,47380.06,11.56779022
259,1614438900,47233.27,47274.65,47240.01,47270.1,4.58132735
260,1614438840,47209.24,47266.67,47209.24,47240.01,5.77930925
261,1614438780,47182.08,47225.0,47182.08,47210.95,2.84320118
262,1614438720,47182.07,47186.37,47185.3,47182.09,1.08521436
263,1614438660,47164.15,47214.31,47190.0,47185.3,5.03793122
264,1614438600,47183.1,47211.53,47210.16,47190.0,2.55204242
265,1614438540,47145.41,47219.11,47145.41,47206.0,2.46287224
266,1614438480,47137.37,47154.47,47141.53,47145.42,2.7010945
267,1614438420,47130.25,47173.64,47149.0,47147.3,5.60914509
268,1614438360,47121.7,47152.64,47147.52,47148.63,4.34575993
269,1614438300,47133.3,47191.27,47179.15,47147.53,4.79582067
270,1614438240,47121.69,47198.64,47154.62,47177.9,5.91991472
271,1614438180,47094.95,47150.75,47142.13,47150.75,11.57921613
272,1614438120,47096.21,47166.16,47136.86,47142.12,10.46167605
273,1614438060,47045.27,47139.91,47045.28,47137.61,5.16353341
274,1614438000,47045.27,47103.04,47103.04,47050.75,8.49801857
275,1614437940,47064.57,47116.1,47064.57,47108.09,3.73692366
276,1614437880,47045.27,47094.45,47045.27,47064.57,6.37876641
277,1614437820,47043.16,47083.01,47060.56,47045.27,13.18404235
278,1614437760,47049.56,47091.18,47058.07,47060.57,2.67048738
279,1614437700,47039.73,47110.97,47073.85,47058.07,4.08514557
280,1614437640,47048.87,47108.21,47105.26,47070.1,2.8829105
281,1614437580,47049.13,47116.01,47049.13,47115.27,3.5293177
282,1614437520,47018.59,47050.39,47025.72,47049.12,3.72116443
283,1614437460,47018.3,47030.0,47019.37,47019.71,2.69392699
284,1614437400,47003.32,47039.24,47039.24,47011.54,9.40748549
285,1614437340,47025.81,47043.02,47043.02,47039.23,2.01886652
286,1614437280,47020.0,47054.86,47029.46,47042.88,5.15061343
287,1614437220,47002.01,47035.39,47029.38,47029.47,1.88627731
288,1614437160,46981.07,47036.23,46990.29,47032.76,3.9071074
289,1614437100,46908.32,47051.45,46910.59,47002.48,4.58155355
290,1614437040,46903.35,47099.64,47082.08,46905.15,13.91872738
291,1614436980,47027.19,47082.14,47081.36,47077.26,4.94656676
292,1614436920,46982.13,47094.56,46982.14,47081.32,16.67395019
293,1614436860,46938.24,47010.0,47010.0,46982.14,2.81424088
294,1614436800,46928.93,47030.09,46928.93,47010.01,6.03118381
295,1614436740,46895.38,46957.0,46913.8,46925.26,7.78676954
296,1614436680,46864.63,46999.59,46999.59,46921.09,10.88290705
297,1614436620,46897.15,47008.63,46981.82,47008.63,9.44620029
298,1614436560,46867.14,46993.15,46912.35,46985.25,6.30918721
299,1614436500,46865.47,47028.81,47028.81,46921.25,14.19623044
0,1614436440,47000.0,47081.5,47068.14,47040.21,14.61077547
1,1614436380,47063.32,47162.5,47162.13,47082.61,8.7994832
2,1614436320,47149.81,47220.23,47205.37,47149.81,11.45662705
3,1614436260,47152.1,47225.19,47160.0,47209.68,7.38337202
4,1614436200,47160.01,47294.65,47294.65,47160.01,15.85193353
5,1614436140,47285.36,47323.62,47312.54,47296.26,5.79820178
6,1614436080,47291.78,47321.78,47309.16,47321.39,5.79211688
7,1614436020,47276.37,47324.66,47300.0,47309.16,5.66022068
8,1614435960,47257.84,47327.35,47278.7,47293.75,4.60067151
9,1614435900,47235.57,47386.91,47343.29,47276.59,17.79788367
10,1614435840,47267.42,47378.46,47267.42,47343.5,2.3395769
11,1614435780,47263.07,47379.39,47379.39,47267.42,6.7530908
12,1614435720,47362.57,47438.2,47438.2,47379.39,2.59891935
13,1614435660,47327.18,47439.35,47327.21,47438.2,5.53814955
14,1614435600,47239.18,47354.85,47354.85,47308.22,5.86510414
15,1614435540,47370.59,47515.67,47504.37,47370.59,8.08737952
16,1614435480,47484.05,47513.22,47484.06,47504.38,3.25809885
17,1614435420,47430.0,47496.2,47463.89,47487.89,2.96628321
18,1614435360,47445.37,47542.35,47526.18,47466.64,2.76326329
19,1614435300,47493.74,47539.83,47493.74,47526.17,4.94545929
20,1614435240,47453.52,47513.28,47509.23,47499.6,7.88631109
21,1614435180,47489.26,47525.46,47499.8,47521.64,6.42506859
22,1614435120,47469.23,47516.72,47516.72,47493.89,22.27239029
23,1614435060,47505.78,47535.82,47513.71,47516.71,4.65671762
24,1614435000,47448.44,47524.13,47448.44,47506.65,5.43688506
25,1614434940,47403.98,47499.07,47423.98,47448.44,3.75311675
26,1614434880,47423.99,47530.43,47480.16,47423.99,3.25570332
27,1614434820,47417.68,47481.96,47476.92,47477.41,1.71983767
28,1614434760,47364.7,47470.4,47405.15,47461.73,4.70646058
29,1614434700,47367.47,47565.23,47565.23,47397.18,6.90341835
30,1614434640,47544.94,47647.58,47642.66,47565.23,2.97893722
31,1614434580,47566.82,47643.69,47570.96,47638.57,5.60806811
32,1614434520,47530.41,47613.83,47530.44,47566.29,3.81581622
33,1614434460,47490.63,47577.18,47534.27,47529.86,4.91514097
34,1614434400,47466.33,47545.17,47467.19,47534.27,9.0993411
35,1614434340,47462.77,47539.83,47539.83,47463.74,8.66136094
36,1614434280,47476.34,47535.41,47479.38,47535.41,3.40379834
37,1614434220,47450.92,47541.27,47541.27,47479.38,2.73308935
38,1614434160,47509.58,47546.07,47527.08,47544.63,2.80768327
39,1614434100,47457.99,47515.38,47500.53,47515.06,15.47682578
40,1614434040,47500.0,47544.88,47542.21,47500.53,1.90665952
41,1614433980,47533.96,47642.33,47596.52,47545.13,3.47043264
42,1614433920,47500.0,47606.55,47515.81,47591.53,9.29734721
43,1614433860,47529.5,47633.72,47590.88,47532.26,2.92040648
44,1614433800,47577.94,47622.22,47591.65,47595.42,2.27642655
45,1614433740,47579.83,47652.69,47600.35,47591.64,1.53330676
46,1614433680,47580.45,47665.09,47580.45,47600.34,2.02685956
47,1614433620,47574.04,47679.0,47637.16,47580.44,7.37239587
48,1614433560,47569.98,47716.68,47573.09,47638.04,15.15761907
49,1614433500,47504.02,47603.5,47530.65,47572.87,11.27634943
50,1614433440,47522.85,47571.49,47526.13,47526.21,3.97097653
51,1614433380,47438.02,47543.43,47443.23,47529.87,3.48368571
52,1614433320,47428.55,47479.49,47450.46,47439.01,3.16975658
53,1614433260,47449.79,47522.73,47492.7,47450.61,4.36858136
54,1614433200,47427.78,47494.85,47494.85,47492.7,3.35034335
55,1614433140,47478.42,47535.8,47482.95,47494.86,2.82454702
56,1614433080,47451.21,47493.35,47465.73,47482.95,3.47525963
57,1614433020,47381.38,47464.54,47415.99,47461.66,2.2377144
58,1614432960,47408.29,47543.43,47482.07,47412.57,5.68837494
59,1614432900,47341.81,47499.0,47401.41,47482.07,5.04551515
60,1614432840,47322.46,47401.42,47368.02,47401.42,4.86087305
61,1614432780,47304.06,47418.8,47392.71,47371.86,9.01257151
62,1614432720,47355.64,47468.65,47409.1,47392.71,2.0884136
63,1614432660,47351.08,47509.92,47444.54,47409.1,5.16845311
64,1614432600,47444.54,47643.85,47600.57,47444.54,5.00507067
65,1614432540,47438.84,47597.76,47460.52,47597.76,1.63005328
66,1614432480,47339.08,47460.52,47422.99,47460.52,3.91460609
67,1614432420,47246.88,47422.99,47254.29,47422.99,6.39494973
68,1614432360,47096.35,47254.29,47123.08,47254.29,3.56043474
69,1614432300,47123.09,47254.67,47234.67,47123.09,5.06886953
70,1614432240,47201.0,47303.72,47204.28,47250.0,7.56841789
71,1614432180,47208.87,47376.86,47373.07,47208.88,8.1875415
72,1614432120,47376.46,47505.36,47490.42,47376.46,7.65072216
73,1614432060,47480.09,47615.53,47606.67,47480.09,5.04584311
74,1614432000,47596.98,47622.55,47610.58,47611.53,2.09993711
75,1614431940,47571.94,47615.19,47581.87,47613.66,2.25656338
76,1614431880,47561.99,47604.8,47576.05,47581.87,6.98784324
77,1614431820,47533.45,47600.0,47568.68,47570.0,1.466193
78,1614431760,47513.4,47573.85,47573.85,47572.07,1.42727182
79,1614431700,47400.0,47583.36,47400.01,47582.31,6.91394735
80,1614431640,47412.05,47494.93,47467.01,47420.0,5.39465179
81,1614431580,47402.11,47476.65,47406.27,47457.79,1.94593939
82,1614431520,47368.16,47434.07,47368.16,47417.59,6.53835403
83,1614431460,47368.16,47412.33,47390.18,47368.17,8.81002026
84,1614431400,47380.01,47419.16,47384.79,47390.18,6.96396528
85,1614431340,47356.76,47387.0,47356.76,47384.79,4.85565959
86,1614431280,47328.82,47394.49,47339.69,47357.29,1.93238441
87,1614431220,47319.59,47414.61,47409.88,47339.68,3.67005604
88,1614431160,47292.51,47459.24,47422.62,47409.87,17.63891815
89,1614431100,47392.49,47440.69,47398.08,47422.62,5.50970319
90,1614431040,47387.16,47438.43,47400.59,47407.94,1.95353923
91,1614430980,47372.55,47441.2,47427.99,47400.59,2.77233197
92,1614430920,47404.92,47491.11,47404.92,47428.16,1.77519311
93,1614430860,47349.83,47546.88,47546.88,47390.76,4.56332246
94,1614430800,47449.99,47565.9,47450.0,47546.89,3.89010171
95,1614430740,47389.95,47447.59,47390.02,47438.87,2.16367291
96,1614430680,47367.2,47424.25,47407.37,47400.75,2.21877698
97,1614430620,47356.34,47432.92,47385.18,47404.55,3.86188624
98,1614430560,47380.8,47439.1,47404.31,47396.09,4.31777846
99,1614430500,47353.53,47421.32,47421.32,47410.25,2.34652114
100,1614430440,47390.35,47428.56,47390.35,47428.56,1.85889176
101,1614430380,47378.55,47445.48,47394.9,47404.73,10.77001141
102,1614430320,47379.39,47419.67,47413.93,47394.89,3.73853803
103,1614430260,47375.4,47458.39,47458.39,47426.67,25.18270111
104,1614430200,47458.38,47551.42,47489.03,47458.38,29.73754164
105,1614430140,47434.68,47534.95,47519.66,47489.6,8.09268413
106,1614430080,47473.36,47541.77,47481.71,47519.66,15.03099334
107,1614430020,47416.67,47511.86,47418.99,47481.72,17.90931856
108,1614429960,47418.98,47538.69,47471.52,47420.0,20.90896255
109,1614429900,47439.84,47602.21,47597.47,47475.7,15.99160447
110,1614429840,47565.95,47631.65,47607.57,47600.85,10.14993524
111,1614429780,47496.65,47612.92,47548.69,47607.39,7.77414914
112,1614429720,47521.44,47617.98,47543.03,47556.63,37.4602373
113,1614429660,47501.8,47635.0,47635.0,47543.13,25.60123548
114,1614429600,47576.58,47676.75,47666.05,47627.62,36.11419646
115,1614429540,47651.96,47700.88,47668.75,47666.06,7.72957368
116,1614429480,47600.83,47716.84,47616.85,47664.86,18.8008427
117,1614429420,47601.68,47778.44,47745.79,47601.68,17.02555398
118,1614429360,47712.85,47798.35,47790.05,47774.13,31.91949557
119,1614429300,47523.29,47821.55,47603.23,47790.05,44.35261941
120,1614429240,47261.89,47603.68,47276.97,47573.13,9.72818396
121,1614429180,47121.04,47275.64,47135.43,47275.63,2.70313525
122,1614429120,47076.59,47135.44,47076.59,47135.43,16.13192434
123,1614429060,46900.01,47079.89,46960.59,47076.59,17.80670947
124,1614429000,46962.79,47060.53,47042.36,46969.69,7.35376868
125,1614428940,46936.31,47046.09,47033.94,47046.09,26.26279282
126,1614428880,46965.96,47039.21,46971.38,47033.94,3.53705845
127,1614428820,46900.01,47014.03,46974.67,46967.0,21.2638015
128,1614428760,46887.46,46980.41,46959.89,46973.9,7.44196012
129,1614428700,46856.82,46960.13,46864.86,46938.52,2.68238824
130,1614428640,46774.37,46891.29,46777.34,46830.95,11.60978257
131,1614428580,46757.71,46852.95,46833.5,46777.34,11.4638525
132,1614428520,46819.34,46944.76,46930.01,46833.5,23.16028148
133,1614428460,46932.3,47079.2,47049.44,46935.03,7.05119374
134,1614428400,46970.01,47258.75,47258.75,47015.19,15.60239352
135,1614428340,47258.76,47335.87,47335.87,47259.16,6.73759588
136,1614428280,47335.86,47369.05,47369.05,47335.87,10.8974087
137,1614428220,47366.05,47452.81,47452.8,47369.05,11.67644245
138,1614428160,47401.38,47481.31,47401.38,47457.44,5.34619393
139,1614428100,47376.66,47406.08,47406.08,47401.38,10.47513733
140,1614428040,47396.72,47453.86,47453.86,47406.07,14.37939987
141,1614427980,47386.54,47461.99,47386.54,47450.97,20.89089632
142,1614427920,47380.74,47417.03,47417.03,47386.54,10.72872298
143,1614427860,47385.65,47439.83,47439.83,47417.03,16.23535074
144,1614427800,47434.36,47477.84,47434.36,47439.83,12.75005188
145,1614427740,47352.42,47434.36,47383.71,47434.36,14.04835272
146,1614427680,47383.71,47447.63,47392.53,47383.71,18.774106
147,1614427620,47351.84,47447.62,47447.62,47398.95,19.88392482
148,1614427560,47406.14,47447.63,47425.97,47447.62,2.86747297
149,1614427500,47334.95,47425.97,47334.95,47425.96,3.36044367
150,1614427440,47271.86,47351.1,47282.15,47338.93,1.41115205
151,1614427380,47236.08,47320.3,47296.27,47282.15,30.43184517
152,1614427320,47193.07,47293.53,47193.08,47293.53,15.95944415
153,1614427260,47162.08,47221.61,47195.43,47193.08,5.16155837
154,1614427200,47174.7,47305.77,47305.76,47195.94,2.5710893
155,1614427140,47290.54,47334.05,47292.81,47295.07,5.68581918
156,1614427080,47262.27,47311.66,47290.03,47292.81,0.77977474
157,1614427020,47279.61,47343.22,47341.0,47290.04,3.48698592
158,1614426960,47237.45,47350.35,47281.01,47345.61,1.18808172
159,1614426900,47216.61,47313.27,47228.12,47290.96,5.28297121
160,1614426840,47179.46,47255.57,47245.26,47228.12,22.49538312
161,1614426780,47240.25,47283.05,47250.28,47253.33,2.63912616
162,1614426720,47249.5,47326.89,47326.88,47250.28,17.5289606
163,1614426660,47326.88,47423.58,47360.2,47326.89,12.52538308
164,1614426600,47326.88,47360.69,47359.69,47356.22,7.69284873
165,1614426540,47359.11,47410.43,47372.04,47359.11,3.11974361
166,1614426480,47370.76,47419.96,47380.82,47372.03,2.44961571
167,1614426420,47360.19,47446.09,47445.42,47380.81,1.54994951
168,1614426360,47440.47,47466.61,47462.68,47440.86,1.01904
169,1614426300,47445.54,47489.42,47457.83,47462.71,1.94787626
170,1614426240,47457.13,47501.06,47457.22,47457.22,3.74604213
171,1614426180,47450.38,47524.99,47472.85,47457.22,4.67774975
172,1614426120,47471.02,47525.01,47523.97,47474.32,9.34027817
173,1614426060,47519.68,47591.0,47591.0,47553.47,1.59475878
174,1614426000,47579.29,47628.19,47618.85,47591.0,2.71530592
175,1614425940,47523.43,47612.68,47544.18,47612.68,4.89655545
176,1614425880,47512.19,47544.18,47521.46,47541.12,8.09964984
177,1614425820,47480.29,47556.41,47497.76,47521.45,9.26319741
178,1614425760,47463.35,47535.64,47535.63,47502.57,4.1891744
179,1614425700,47461.55,47538.09,47529.59,47530.51,2.01871567
180,1614425640,47462.83,47559.7,47506.2,47529.6,9.30531525
181,1614425580,47498.96,47618.86,47581.7,47498.96,5.80427563
182,1614425520,47450.18,47577.6,47486.37,47577.6,12.7895794
183,1614425460,47271.14,47527.2,47279.71,47485.76,22.40894585
184,1614425400,47228.73,47284.06,47284.06,47277.65,2.45031027
185,1614425340,47267.59,47284.07,47284.06,47284.06,2.53667204
186,1614425280,47271.95,47285.12,47274.16,47284.07,2.07243635
187,1614425220,47260.78,47306.61,47302.85,47283.68,3.73215256
188,1614425160,47300.01,47333.52,47316.89,47302.85,1.15370289
189,1614425100,47241.29,47322.2,47312.08,47316.9,2.94323869
190,1614425040,47255.75,47343.31,47343.31,47305.88,3.68834506
191,1614424980,47227.36,47349.88,47322.64,47343.52,10.20858941
192,1614424920,47252.47,47330.33,47266.99,47322.65,5.64823752
193,1614424860,47171.36,47282.49,47179.66,47268.14,3.86241473
194,1614424800,47067.44,47176.9,47083.96,47176.9,3.99374109
195,1614424740,46944.22,47083.97,46944.23,47083.96,5.07683991
196,1614424680,46944.23,47013.89,46999.38,46944.23,1.14284778
197,1614424620,46972.19,47049.63,46976.71,47009.5,11.55303139
198,1614424560,46876.28,46992.94,46897.7,46992.93,5.09807152
199,1614424500,46800.01,46886.98,46808.36,46886.98,5.95041121
200,1614424440,46804.51,46829.85,46821.53,46811.0,4.33486143
201,1614424380,46815.25,46854.87,46849.94,46818.57,1.52441125
202,1614424320,46797.89,46893.65,46797.89,46858.45,4.8376563
203,1614424260,46710.0,46799.08,46775.66,46793.79,12.5252318
204,1614424200,46775.65,46820.25,46810.82,46775.65,1.42378245
205,1614424140,46797.08,46861.64,46803.16,46820.55,17.02902966
206,1614424080,46764.73,46803.16,46790.01,46803.16,3.34003033
207,1614424020,46790.0,46820.37,46820.37,46790.01,1.63418363
208,1614423960,46814.74,46883.29,46853.57,46820.9,4.19085777
209,1614423900,46857.21,46909.15,46857.21,46863.0,3.54586811
210,1614423840,46821.52,46905.55,46830.57,46856.71,1.06203793
211,1614423780,46794.91,46882.17,46882.17,46840.54,2.93809022
212,1614423720,46878.15,46952.54,46923.52,46882.16,14.43851495
213,1614423660,46839.15,46923.52,46853.18,46923.52,4.668532
214,1614423600,46771.59,46863.04,46794.24,46853.17,1.03820244
215,1614423540,46794.23,46829.45,46800.07,46794.23,3.58492452
216,1614423480,46800.06,46828.02,46828.02,46800.07,1.28630486
217,1614423420,46821.16,46898.08,46898.08,46828.02,6.96326555
218,1614423360,46898.08,46928.3,46919.49,46898.08,2.26688839
219,1614423300,46902.32,46971.81,46961.83,46919.57,3.36292986
220,1614423240,46961.82,47022.24,47007.71,46961.83,1.95453978
221,1614423180,47007.41,47074.75,47068.4,47015.61,2.24272924
222,1614423120,46967.83,47090.37,46978.96,47070.98,11.30109423
223,1614423060,46957.46,47000.0,46957.46,46981.81,3.90856331
224,1614423000,46922.0,46993.61,46922.0,46957.28,3.33411083
225,1614422940,46911.93,46941.12,46937.8,46916.5,0.31837852
226,1614422880,46872.99,46920.54,46880.58,46920.54,3.26536592
227,1614422820,46825.83,46904.03,46833.31,46893.5,11.01988357
228,1614422760,46812.39,46870.91,46870.91,46850.92,0.90206766
229,1614422700,46864.01,46928.27,46928.27,46870.91,1.24870237
230,1614422640,46876.82,46943.68,46909.17,46933.22,7.2456653
231,1614422580,46828.06,46918.06,46851.22,46915.25,3.64683214
232,1614422520,46785.32,46859.44,46801.54,46850.02,8.49271509
233,1614422460,46767.61,46824.61,46767.61,46801.54,1.19980911
234,1614422400,46736.12,46765.45,46765.45,46762.1,4.14459625
235,1614422340,46742.67,46857.35,46857.35,46771.24,7.86218799
236,1614422280,46771.38,46858.09,46789.2,46853.79,16.75228872
237,1614422220,46745.74,46789.2,46789.2,46789.2,14.26657138
238,1614422160,46741.12,46789.2,46742.82,46789.2,10.08213698
239,1614422100,46731.15,46784.73,46784.73,46745.27,6.28271114
240,1614422040,46739.88,46789.2,46770.57,46784.73,7.48471593
241,1614421980,46745.47,46772.83,46767.37,46770.17,2.70483209
242,1614421920,46767.37,46813.93,46810.14,46767.37,5.12662538
243,1614421860,46786.61,46825.0,46818.19,46810.14,2.98133045
244,1614421800,46818.19,46830.01,46830.0,46818.19,1.1852272
245,1614421740,46833.06,46866.59,46865.03,46833.06,0.75407356
246,1614421680,46859.18,46880.33,46864.84,46863.92,2.4079334
247,1614421620,46858.34,46917.45,46917.45,46858.34,4.11595841
248,1614421560,46866.79,46950.02,46874.09,46917.45,3.25771701
249,1614421500,46847.35,46884.84,46847.35,46874.1,2.22857298
250,1614421440,46820.22,46847.35,46820.22,46847.34,1.38876165
251,1614421380,46820.22,46871.71,46836.16,46820.22,1.74463767
252,1614421320,46825.77,46866.11,46825.77,46836.15,16.50441641
253,1614421260,46816.12,46872.79,46830.97,46816.12,2.28781236
254,1614421200,46821.17,46889.5,46889.5,46830.42,0.36611943
255,1614421140,46822.83,46893.59,46856.32,46893.59,5.25546999
256,1614421080,46851.27,46915.86,46890.0,46859.72,1.8215814
257,1614421020,46838.1,46897.64,46856.16,46889.99,12.19612394
258,1614420960,46760.22,46867.63,46760.69,46867.63,2.86879028
259,1614420900,46675.55,46753.35,46720.0,46749.45,11.69055458
260,1614420840,46720.0,46784.85,46742.54,46728.92,4.50377234
261,1614420780,46736.24,46830.18,46807.96,46744.02,2.28073255
262,1614420720,46757.97,46832.43,46832.43,46801.65,12.54437913
263,1614420660,46813.69,46912.57,46879.89,46832.44,2.8036022
264,1614420600,46876.65,46906.24,46906.24,46879.89,3.50183656
265,1614420540,46897.39,46931.34,46897.39,46924.15,3.71014099
266,1614420480,46894.79,46901.43,46899.64,46897.39,1.40980704
267,1614420420,46899.64,46924.94,46924.94,46899.64,3.46100147
268,1614420360,46903.93,46962.37,46952.83,46918.78,3.73953235
269,1614420300,46906.94,47000.21,46993.25,46952.24,1.80152445
270,1614420240,46930.63,47022.82,46990.0,47008.43,7.59131683
271,1614420180,46823.41,47010.7,46823.42,46994.37,17.98753612
272,1614420120,46708.41,46823.42,46798.69,46823.41,6.6102327
273,1614420060,46662.67,46827.0,46662.77,46798.68,10.83025758
274,1614420000,46604.76,46660.87,46659.78,46660.87,2.50876739
275,1614419940,46616.84,46662.68,46658.71,46662.68,3.67236304
276,1614419880,46665.53,46719.44,46719.44,46665.53,0.84728513
277,1614419820,46647.96,46735.88,46647.97,46719.45,9.36217306
278,1614419760,46645.54,46697.42,46697.42,46647.96,2.05485218
279,1614419700,46651.73,46735.09,46714.85,46707.38,1.80134428
280,1614419640,46544.52,46733.87,46561.92,46720.98,6.60629486
281,1614419580,46469.88,46613.17,46482.09,46561.92,12.38607033
282,1614419520,46406.58,46469.6,46435.51,46469.6,10.17613998
283,1614419460,46428.87,46520.64,46517.48,46428.88,6.99209559
284,1614419400,46453.52,46561.36,46473.63,46517.48,2.99072118
285,1614419340,46411.76,46512.65,46477.88,46501.08,3.93349407
286,1614419280,46477.16,46587.3,46539.49,46478.69,7.5831333
287,1614419220,46419.98,46539.48,46419.98,46539.48,15.45565028
288,1614419160,46361.54,46458.12,46382.48,46419.98,0.86335705
289,1614419100,46316.93,46452.97,46365.69,46393.52,3.15751731
290,1614419040,46342.96,46395.78,46391.7,46365.69,3.6439061
291,1614418980,46280.1,46431.77,46283.32,46391.71,7.95317889
292,1614418920,46239.69,46292.99,46249.8,46284.47,17.3485073
293,1614418860,46224.0,46311.95,46230.0,46249.99,3.08886937
294,1614418800,46230.01,46323.87,46279.75,46230.01,6.06333863
295,1614418740,46249.47,46405.32,46373.5,46272.66,14.57167205
296,1614418680,46373.5,46457.13,46457.13,46373.5,5.78252907
297,1614418620,46450.24,46512.37,46468.3,46457.22,6.5752793
298,1614418560,46456.48,46551.44,46551.43,46473.95,9.05561096
299,1614418500,46464.16,46551.44,46464.16,46551.44,4.44363417
0,1614418440,46435.98,46501.49,46501.49,46469.64,1.24112074
1,1614418380,46491.37,46604.2,46603.87,46501.48,1.00160572
2,1614418320,46602.85,46682.19,46628.85,46602.85,2.84765275
3,1614418260,46482.31,46622.95,46519.55,46617.24,14.39985634
4,1614418200,46494.02,46565.39,46565.39,46519.54,4.69771299
5,1614418140,46560.59,46663.23,46618.04,46560.59,5.36531945
6,1614418080,46525.32,46625.01,46525.32,46625.01,4.19182899
7,1614418020,46525.99,46621.77,46577.47,46525.99,2.87790584
8,1614417960,46568.5,46698.5,46698.5,46577.47,4.46819575
9,1614417900,46625.8,46686.64,46635.07,46686.18,2.53489739
10,1614417840,46607.44,46664.55,46664.55,46635.07,2.5129379
11,1614417780,46665.28,46721.17,46709.07,46665.28,4.47720272
12,1614417720,46663.25,46742.43,46663.25,46708.9,17.82011881
13,1614417660,46666.66,46797.72,46796.4,46666.66,7.28938223
14,1614417600,46747.62,46796.4,46747.62,46796.4,8.49756534
15,1614417540,46673.59,46745.4,46700.61,46742.88,2.85353033
16,1614417480,46678.34,46717.22,46686.85,46701.16,5.33746492
17,1614417420,46583.42,46694.02,46607.59,46682.41,6.44391249
18,1614417360,46450.0,46613.0,46488.15,46608.83,2.81796805
19,1614417300,46402.83,46488.14,46467.9,46488.13,3.97083856
20,1614417240,46427.96,46477.51,46427.97,46465.46,2.89985816
21,1614417180,46364.38,46467.86,46364.38,46432.15,13.2293455
22,1614417120,46302.96,46370.89,46364.16,46365.0,4.57480847
23,1614417060,46354.97,46408.74,46400.24,46370.87,2.66476782
24,1614417000,46400.0,46499.71,46478.24,46400.0,3.44715627
25,1614416940,46405.62,46502.35,46442.24,46487.37,4.48995123
26,1614416880,46435.87,46525.0,46525.0,46442.24,1.98497875
27,1614416820,46460.75,46525.0,46478.4,46525.0,5.91133698
28,1614416760,46366.18,46484.51,46389.26,46484.51,7.88726306
29,1614416700,46343.9,46392.4,46384.61,46392.4,14.83161725
30,1614416640,46376.14,46482.6,46482.6,46385.06,6.34474501
31,1614416580,46482.61,46562.34,46537.55,46482.61,3.16795369
32,1614416520,46472.43,46544.38,46472.43,46534.94,7.89541514
33,1614416460,46463.56,46566.9,46566.9,46472.62,4.15810259
34,1614416400,46509.08,46614.82,46614.82,46561.16,2.19370927
35,1614416340,46525.91,46623.06,46623.06,46612.37,5.61267054
36,1614416280,46546.11,46620.42,46546.11,46616.25,1.67517621
37,1614416220,46500.0,46555.54,46500.0,46549.01,1.84025286
38,1614416160,46387.51,46500.0,46387.51,46486.9,9.2447238
39,1614416100,46390.0,46595.56,46595.56,46390.0,5.36640737
40,1614416040,46566.9,46710.72,46710.71,46595.56,8.90519522
41,1614415980,46616.02,46708.35,46616.02,46706.35,2.27380538
42,1614415920,46606.0,46676.14,46642.74,46606.02,11.32948084
43,1614415860,46634.1,46668.78,46665.92,46634.1,2.96220624
44,1614415800,46627.37,46685.17,46645.57,46662.91,1.61752887
45,1614415740,46558.59,46652.68,46578.39,46652.68,4.41996731
46,1614415680,46519.75,46622.04,46542.88,46577.44,5.65234668
47,1614415620,46468.53,46681.79,46681.79,46536.62,6.01624672
48,1614415560,46681.79,46767.34,46740.0,46681.8,14.16052708
49,1614415500,46691.47,46742.17,46717.5,46740.0,9.70478172
50,1614415440,46683.59,46717.5,46689.72,46715.32,6.50081353
51,1614415380,46661.68,46696.62,46681.79,46685.66,2.72551175
52,1614415320,46630.0,46681.79,46666.01,46681.79,2.22560508
53,1614415260,46665.55,46715.46,46707.25,46680.85,3.77926743
54,1614415200,46633.69,46713.06,46713.06,46706.19,1.69476483
55,1614415140,46669.28,46732.34,46692.74,46689.37,2.82435323
56,1614415080,46664.73,46749.34,46749.34,46693.33,3.46165172
57,1614415020,46668.24,46741.46,46682.61,46741.45,12.46192369
58,1614414960,46604.04,46727.53,46727.53,46677.79,15.07296528
59,1614414900,46683.28,46755.18,46692.28,46717.51,3.87388592
60,1614414840,46548.2,46692.66,46581.98,46692.66,7.86024254
61,1614414780,46505.45,46587.98,46566.65,46581.98,11.83884442
62,1614414720,46450.0,46587.97,46478.41,46566.64,22.07045977
63,1614414660,46422.58,46551.05,46468.55,46478.8,12.61221804
64,1614414600,46418.91,46584.0,46539.49,46468.49,28.37113822
65,1614414540,46540.61,46651.36,46600.35,46540.61,21.61587693
66,1614414480,46530.45,46600.35,46544.9,46600.35,9.55226762
67,1614414420,46537.15,46600.35,46561.25,46537.15,11.15054146
68,1614414360,46520.17,46684.68,46663.24,46561.24,7.36859941
69,1614414300,46667.47,46761.23,46700.17,46667.47,4.58627101
70,1614414240,46645.8,46756.34,46661.66,46715.87,11.79381567
71,1614414180,46621.53,46678.66,46657.43,46664.25,10.41501658
72,1614414120,46651.4,46755.03,46755.03,46661.7,26.60786458
73,1614414060,46756.84,46823.43,46822.81,46756.84,4.71585532
74,1614414000,46822.8,47000.01,47000.01,46822.8,8.59188523
75,1614413940,46999.99,47047.56,47047.56,47000.0,9.61149557
76,1614413880,47006.79,47114.46,47095.0,47020.91,10.8075393
77,1614413820,47095.01,47204.71,47204.35,47095.01,1.92301852
78,1614413760,47135.86,47209.15,47147.42,47193.87,4.74595544
79,1614413700,47123.33,47157.15,47132.37,47146.35,7.01923782
80,1614413640,47116.15,47132.37,47116.15,47132.37,2.34097327
81,1614413580,47080.2,47125.08,47112.31,47116.93,3.778717
82,1614413520,47061.82,47132.37,47126.75,47109.1,5.75773581
83,1614413460,47113.86,47186.32,47119.42,47122.47,1.71800713
84,1614413400,47090.63,47251.77,47251.77,47098.64,4.35785036
85,1614413340,47155.64,47251.77,47166.3,47251.77,1.78456527
86,1614413280,47166.29,47238.38,47217.3,47166.3,0.85061186
87,1614413220,47193.19,47251.75,47236.03,47227.33,15.04924615
88,1614413160,47217.42,47247.06,47238.48,47236.04,2.55976062
89,1614413100,47192.88,47242.0,47216.85,47242.0,1.29396086
90,1614413040,47125.78,47224.05,47125.78,47223.9,3.86734646
91,1614412980,47078.73,47173.45,47135.02,47122.65,3.7816517
92,1614412920,47143.76,47246.95,47202.97,47143.76,8.84958899
93,1614412860,47170.25,47250.0,47174.0,47233.06,2.45073751
94,1614412800,47139.72,47173.65,47157.93,47173.65,1.82198292
95,1614412740,47109.92,47188.5,47181.51,47167.34,2.07630989
96,1614412680,47184.28,47219.4,47184.28,47192.88,2.61354638
97,1614412620,47160.12,47231.52,47231.52,47187.11,3.00408102
98,1614412560,47177.4,47231.52,47178.3,47229.98,9.80853155
99,1614412500,47139.26,47178.3,47178.3,47178.3,2.7178252
100,1614412440,47178.29,47195.9,47178.29,47178.3,2.73382279
101,1614412380,47145.59,47178.29,47178.29,47178.29,6.84224296
102,1614412320,47146.06,47182.99,47146.06,47178.29,8.30909094
103,1614412260,47096.24,47153.89,47096.24,47146.11,7.47151324
104,1614412200,47080.72,47210.87,47191.0,47096.24,3.54045336
105,1614412140,47143.75,47253.75,47213.84,47183.49,6.61331627
106,1614412080,47117.64,47215.45,47125.83,47211.12,4.75455194
107,1614412020,46950.01,47126.42,47049.66,47125.1,17.22902414
108,1614411960,47049.66,47085.07,47085.07,47049.66,1.21111243
109,1614411900,47050.0,47082.75,47050.0,47078.2,2.66579798
110,1614411840,47010.01,47094.87,47030.24,47050.0,5.60993186
111,1614411780,47030.24,47117.92,47099.88,47030.24,4.09503968
112,1614411720,47014.58,47178.0,47153.17,47104.74,14.72511404
113,1614411660,47153.16,47206.84,47206.84,47153.17,11.8646299
114,1614411600,47160.21,47206.84,47160.21,47206.83,5.53916221
115,1614411540,47111.12,47185.69,47166.24,47160.22,5.79321751
116,1614411480,47147.47,47185.65,47159.74,47166.23,3.92940484
117,1614411420,47122.79,47209.73,47183.53,47152.16,6.09152587
118,1614411360,47161.67,47242.11,47186.91,47183.53,2.16444879
119,1614411300,47137.98,47251.82,47153.65,47202.92,3.13694022
120,1614411240,47068.84,47200.04,47150.77,47153.64,9.94399828
121,1614411180,47150.2,47274.61,47242.79,47150.22,12.17499831
122,1614411120,47216.66,47331.76,47286.97,47242.79,23.2735985
123,1614411060,47241.65,47294.78,47292.56,47286.98,14.29073175
124,1614411000,47189.87,47365.39,47365.39,47292.56,6.20087039
125,1614410940,47209.24,47369.42,47209.24,47365.4,1.44852372
126,1614410880,47150.2,47369.62,47369.62,47207.32,2.82399917
127,1614410820,47361.52,47446.26,47405.15,47368.68,6.51176379
128,1614410760,47352.13,47436.48,47352.13,47400.14,11.64179828
129,1614410700,47340.05,47355.11,47349.56,47347.55,3.48567501
130,1614410640,47241.85,47367.03,47290.44,47349.56,49.08035314
131,1614410580,47272.61,47333.24,47333.24,47297.54,34.35535637
132,1614410520,47300.0,47333.24,47333.23,47333.24,9.41450189
133,1614410460,47300.0,47333.24,47310.52,47333.24,1.68016735
134,1614410400,47233.65,47364.73,47233.65,47311.0,5.46699975
135,1614410340,47246.1,47310.97,47300.01,47246.1,4.71017546
136,1614410280,47216.43,47313.49,47273.76,47300.01,17.78456629
137,1614410220,47249.84,47309.06,47249.99,47272.83,5.36210064
138,1614410160,47192.64,47250.0,47192.64,47250.0,11.5591067
139,1614410100,47174.5,47253.54,47174.5,47196.13,4.62298743
140,1614410040,47087.58,47198.79,47163.72,47174.5,43.55927276
141,1614409980,47057.36,47195.15,47096.11,47183.91,33.76102765
142,1614409920,46947.01,47134.78,47079.93,47038.32,10.77207506
143,1614409860,47060.25,47176.26,47067.1,47079.93,7.68256939
144,1614409800,47060.65,47191.79,47130.51,47060.65,15.47013296
145,1614409740,46956.91,47127.02,46973.16,47119.1,5.99308086
146,1614409680,46951.94,47158.42,47149.42,46951.94,7.57055445
147,1614409620,47011.05,47183.96,47056.81,47146.44,6.5920636
148,1614409560,46829.09,47113.33,46943.25,47060.55,37.67156605
149,1614409500,46909.04,47155.25,47006.01,46927.51,44.63429739
150,1614409440,46903.57,47279.76,47276.76,46993.94,69.40691682
151,1614409380,47260.77,47429.76,47272.28,47286.08,32.49733175
152,1614409320,47205.49,47444.7,47400.28,47267.13,21.66026303
153,1614409260,47350.0,47455.0,47368.6,47400.28,48.02724875
154,1614409200,47363.24,47600.0,47547.29,47365.6,17.14472722
155,1614409140,47531.18,47723.74,47672.86,47532.52,8.53830943
156,1614409080,47623.17,47824.56,47795.1,47654.73,19.86318556
157,1614409020,47736.3,47833.2,47745.66,47795.1,20.54496507
158,1614408960,47718.59,47899.29,47869.46,47745.67,11.87577543
159,1614408900,47853.37,48011.02,48011.02,47876.24,25.1142258
160,1614408840,48001.0,48045.0,48011.01,48011.02,5.51242759
161,1614408780,48001.0,48107.45,48106.39,48007.06,2.51354749
162,1614408720,48104.64,48166.93,48166.93,48105.87,3.25466274
163,1614408660,48109.33,48210.63,48191.69,48164.34,3.3640843
164,1614408600,48094.92,48206.37,48099.99,48191.69,4.31070124
165,1614408540,48089.53,48139.99,48139.99,48094.34,1.45085349
166,1614408480,48083.28,48200.65,48200.64,48140.0,5.97483736
167,1614408420,48206.94,48240.0,48237.47,48207.93,3.8564462
168,1614408360,48186.75,48265.45,48189.29,48237.47,8.95012938
169,1614408300,48166.42,48292.0,48285.39,48181.93,13.11702345
170,1614408240,48266.38,48324.36,48301.22,48284.24,5.22753729
171,1614408180,48228.8,48330.28,48330.28,48303.13,12.80896983
172,1614408120,48126.1,48356.86,48236.0,48313.09,31.82819009
173,1614408060,47979.01,48236.0,47999.99,48236.0,100.92617167
174,1614408000,47887.76,47999.99,47887.77,47999.98,9.19875939
175,1614407940,47823.07,47887.77,47831.42,47887.77,4.49318612
176,1614407880,47767.34,47834.08,47772.78,47827.32,20.00925602
177,1614407820,47741.35,47772.8,47769.68,47772.8,9.74717947
178,1614407760,47741.34,47785.5,47752.57,47765.97,1.78464103
179,1614407700,47735.46,47791.86,47787.09,47752.02,2.66133056
180,1614407640,47757.55,47799.0,47760.93,47778.49,6.25697212
181,1614407580,47702.93,47766.86,47711.38,47760.92,3.23556748
182,1614407520,47705.41,47737.67,47737.67,47710.76,2.75191467
183,1614407460,47743.77,47789.28,47752.98,47743.77,6.4915935
184,1614407400,47673.5,47765.37,47673.5,47750.1,2.23025449
185,1614407340,47622.99,47713.72,47713.72,47684.5,1.69281343
186,1614407280,47695.23,47722.97,47695.24,47713.73,2.47881779
187,1614407220,47621.49,47700.25,47621.5,47695.24,15.70946645
188,1614407160,47600.03,47663.58,47656.27,47621.5,1.20827483
189,1614407100,47656.69,47720.78,47720.78,47666.99,2.52388154
190,1614407040,47682.25,47723.15,47682.26,47719.61,2.06533981
191,1614406980,47640.87,47693.67,47640.88,47682.26,1.72395032
192,1614406920,47630.91,47682.26,47682.26,47640.88,4.36151912
193,1614406860,47670.7,47714.81,47690.0,47682.27,13.89503896
194,1614406800,47612.62,47690.0,47612.62,47690.0,35.66280096
195,1614406740,47595.67,47619.19,47612.47,47613.33,3.23954302
196,1614406680,47612.46,47674.03,47635.62,47612.47,11.5662163
197,1614406620,47600.0,47636.62,47636.62,47609.79,6.67509153
198,1614406560,47636.62,47677.83,47677.82,47636.62,1.43927638
199,1614406500,47673.59,47716.89,47673.59,47677.82,3.56910193
200,1614406440,47645.42,47678.38,47661.64,47673.59,3.5200199
201,1614406380,47639.65,47719.67,47719.67,47661.64,20.10603703
202,1614406320,47714.76,47747.24,47737.56,47719.37,1.61975621
203,1614406260,47702.92,47747.24,47718.12,47736.33,2.97294195
204,1614406200,47700.0,47734.31,47726.82,47718.64,4.42768991
205,1614406140,47721.31,47763.67,47763.57,47726.82,7.47110313
206,1614406080,47750.4,47770.0,47769.99,47750.4,4.71509069
207,1614406020,47753.16,47774.97,47772.29,47769.99,1.12302503
208,1614405960,47770.07,47844.43,47836.18,47772.29,2.96833497
209,1614405900,47793.57,47884.27,47869.9,47818.26,4.01588943
210,1614405840,47772.16,47870.71,47772.16,47862.12,9.50700281
211,1614405780,47745.66,47788.0,47768.19,47772.16,3.56451206
212,1614405720,47765.28,47850.0,47843.15,47768.19,2.28704852
213,1614405660,47800.0,47850.0,47837.03,47843.15,21.85684571
214,1614405600,47778.15,47865.41,47790.7,47834.71,17.25412163
215,1614405540,47747.63,47799.0,47753.18,47780.23,12.19854808
216,1614405480,47690.0,47777.45,47690.01,47760.29,16.38951456
217,1614405420,47690.0,47705.22,47690.31,47690.0,1.80524211
218,1614405360,47690.3,47745.91,47745.91,47690.37,11.36113807
219,1614405300,47713.08,47803.71,47767.6,47750.53,6.15348329
220,1614405240,47734.05,47773.08,47739.61,47767.59,3.20407634
221,1614405180,47702.9,47751.57,47714.74,47740.11,5.67350344
222,1614405120,47631.9,47745.27,47631.9,47715.23,17.55062786
223,1614405060,47611.19,47667.58,47667.58,47631.9,2.86587974
224,1614405000,47660.1,47724.17,47724.17,47671.58,5.70658273
225,1614404940,47608.34,47730.07,47608.34,47724.03,16.3858783
226,1614404880,47524.62,47608.35,47550.41,47608.34,6.79963932
227,1614404820,47550.4,47608.35,47585.81,47550.41,1.61444339
228,1614404760,47586.18,47700.01,47700.01,47586.18,3.16330814
229,1614404700,47700.0,47747.02,47709.13,47700.01,2.16272047
230,1614404640,47680.07,47747.31,47685.68,47705.8,5.76701413
231,1614404580,47655.12,47693.07,47693.07,47677.54,3.966636
232,1614404520,47677.52,47737.07,47677.52,47696.65,6.27653407
233,1614404460,47623.37,47705.58,47645.64,47677.52,15.89820662
234,1614404400,47635.29,47719.37,47717.79,47645.65,2.67009107
235,1614404340,47608.18,47724.34,47608.18,47722.57,2.48376627
236,1614404280,47540.23,47600.0,47540.24,47600.0,10.59625588
237,1614404220,47500.99,47540.24,47501.13,47540.24,9.16210937
238,1614404160,47453.91,47540.85,47537.06,47485.89,1.77899794
239,1614404100,47537.06,47582.14,47548.69,47539.83,1.84156587
240,1614404040,47460.77,47561.39,47471.06,47536.49,5.5269809
241,1614403980,47452.97,47514.48,47513.59,47471.06,8.24305107
242,1614403920,47496.96,47557.04,47496.96,47520.74,24.34212196
243,1614403860,47496.95,47505.78,47505.78,47499.45,8.03715797
244,1614403800,47505.78,47574.67,47568.81,47505.78,2.05407252
245,1614403740,47564.02,47616.16,47600.0,47564.03,1.09139999
246,1614403680,47544.45,47600.0,47572.97,47600.0,3.86726588
247,1614403620,47538.45,47578.14,47539.01,47572.97,1.07197326
248,1614403560,47522.01,47606.98,47553.82,47522.02,5.42899013
249,1614403500,47506.04,47553.83,47541.64,47553.82,2.59286926
250,1614403440,47505.77,47581.49,47512.45,47547.88,22.14416669
251,1614403380,47477.28,47537.31,47505.78,47521.42,14.81269632
252,1614403320,47505.77,47529.04,47508.78,47505.78,1.02185338
253,1614403260,47505.0,47567.22,47541.35,47506.49,6.68008194
254,1614403200,47530.0,47620.0,47601.63,47541.35,4.48290246
255,1614403140,47579.07,47651.03,47630.79,47601.42,1.74139772
256,1614403080,47563.75,47665.55,47615.86,47632.22,6.24632902
257,1614403020,47611.0,47706.84,47674.22,47615.86,4.90364999
258,1614402960,47670.6,47706.84,47675.2,47674.2,5.52675051
259,1614402900,47661.5,47720.22,47709.23,47679.51,4.77647295
260,1614402840,47655.0,47716.99,47669.54,47701.36,4.61986858
261,1614402780,47655.38,47707.1,47689.74,47669.54,3.93119317
262,1614402720,47657.08,47705.56,47705.55,47697.36,3.36506417
263,1614402660,47700.0,47768.42,47758.41,47700.01,4.61161744
264,1614402600,47720.39,47842.37,47838.07,47764.09,3.39591684
265,1614402540,47815.42,47893.87,47820.98,47842.37,2.10483579
266,1614402480,47780.59,47877.55,47780.6,47816.12,8.32017709
267,1614402420,47727.43,47841.33,47763.69,47780.6,2.17788098
268,1614402360,47752.66,47902.68,47892.68,47763.25,6.88708979
269,1614402300,47871.99,47953.12,47871.99,47904.96,7.48253569
270,1614402240,47772.41,47872.0,47776.45,47872.0,5.28632309
271,1614402180,47680.75,47800.57,47680.75,47775.65,10.01552109
272,1614402120,47535.39,47680.74,47575.0,47680.74,6.7106028
273,1614402060,47575.0,47629.18,47601.55,47575.0,9.88038076
274,1614402000,47601.55,47678.17,47650.0,47604.06,3.99833332
275,1614401940,47650.01,47711.24,47711.23,47650.01,1.125658
276,1614401880,47700.0,47729.18,47729.18,47711.24,2.70263494
277,1614401820,47729.18,47816.27,47814.93,47733.21,3.24333763
278,1614401760,47761.34,47885.16,47876.02,47813.56,12.93089
279,1614401700,47840.87,47900.0,47844.91,47883.78,12.97676639
280,1614401640,47799.97,47850.0,47805.34,47844.9,3.66656103
281,1614401580,47752.62,47823.35,47795.15,47810.82,4.28253084
282,1614401520,47751.04,47799.96,47772.83,47795.16,4.29622861
283,1614401460,47724.64,47799.97,47729.97,47775.21,3.41602316
284,1614401400,47700.0,47750.01,47750.0,47729.97,5.54584288
285,1614401340,47750.0,47846.95,47817.42,47750.0,8.3604141
286,1614401280,47753.44,47819.03,47753.45,47814.77,10.63892059
287,1614401220,47739.63,47759.47,47739.63,47753.45,5.21156544
288,1614401160,47708.23,47772.9,47742.12,47739.62,4.88383004
289,1614401100,47654.2,47747.42,47736.26,47744.99,1.65505601
290,1614401040,47714.06,47776.97,47714.06,47745.85,2.41335532
291,1614400980,47654.19,47714.06,47654.19,47714.05,1.46876915
292,1614400920,47590.77,47708.82,47708.82,47651.7,3.08761278
293,1614400860,47665.9,47732.61,47716.2,47708.82,3.82801978
294,1614400800,47592.59,47732.61,47617.54,47716.2,4.67987731
295,1614400740,47619.41,47718.69,47718.69,47619.41,2.3369183
296,1614400680,47707.01,47740.42,47731.09,47714.27,4.19011282
297,1614400620,47628.67,47731.1,47638.83,47731.1,8.43638122
298,1614400560,47577.88,47668.34,47577.88,47647.0,3.99599631
299,1614400500,47537.56,47643.44,47642.17,47579.99,3.9752505
0,1614400440,47622.96,47705.65,47705.65,47651.31,2.53011272
1,1614400380,47672.56,47749.77,47742.18,47710.11,6.20776751
2,1614400320,47725.49,47779.76,47740.63,47752.46,16.47030225
3,1614400260,47701.9,47751.11,47701.91,47740.62,6.30580066
4,1614400200,47689.78,47770.91,47749.44,47701.9,3.36604738
5,1614400140,47635.14,47767.73,47700.0,47756.3,7.07813175
6,1614400080,47643.06,47750.0,47696.53,47708.5,2.15191851
7,1614400020,47690.71,47780.68,47750.0,47717.15,4.06287798
8,1614399960,47716.29,47750.0,47718.0,47750.0,14.5851885
9,1614399900,47644.52,47722.61,47722.61,47714.12,4.02091819
10,1614399840,47605.25,47737.42,47605.25,47722.61,17.69101486
11,1614399780,47576.64,47620.36,47581.66,47605.24,6.10311201
12,1614399720,47505.53,47624.11,47513.11,47575.43,15.13480713
13,1614399660,47474.57,47513.51,47510.89,47510.57,3.66165942
14,1614399600,47427.94,47507.23,47427.94,47506.31,4.62741771
15,1614399540,47403.02,47476.78,47473.48,47427.94,2.84780264
16,1614399480,47393.12,47476.79,47393.12,47473.49,9.69231071
17,1614399420,47353.03,47425.33,47396.41,47390.24,4.67569334
18,1614399360,47297.72,47394.18,47301.99,47391.67,4.27887606
19,1614399300,47284.11,47363.12,47363.12,47314.9,5.34637737
20,1614399240,47321.08,47409.48,47321.08,47372.36,6.80722072
21,1614399180,47315.73,47419.29,47321.72,47321.09,7.60947532
22,1614399120,47278.85,47332.26,47293.92,47317.03,5.10142915
23,1614399060,47279.52,47359.72,47359.72,47293.92,9.82703945
24,1614399000,47334.75,47430.94,47415.42,47359.72,10.31778548
25,1614398940,47410.0,47495.47,47424.0,47418.64,8.52126204
26,1614398880,47418.95,47576.87,47500.01,47418.95,7.34032705
27,1614398820,47461.58,47540.12,47461.58,47515.73,4.90851933
28,1614398760,47461.57,47616.55,47616.55,47461.58,7.52410485
29,1614398700,47577.86,47711.42,47688.37,47597.15,4.43165212
30,1614398640,47594.01,47702.93,47639.02,47687.38,2.02651406
31,1614398580,47584.13,47660.36,47600.0,47648.35,11.76486115
32,1614398520,47618.34,47724.55,47708.57,47618.34,3.22375728
33,1614398460,47583.32,47708.58,47584.47,47708.58,12.33014937
34,1614398400,47424.02,47626.37,47424.02,47565.54,31.37788633
35,1614398340,47424.02,47763.45,47763.45,47424.02,29.03128102
36,1614398280,47641.56,47780.02,47711.1,47763.45,8.0774154
37,1614398220,47711.35,47820.62,47820.62,47711.35,8.38727511
38,1614398160,47768.99,47881.98,47881.98,47820.63,9.58464846
39,1614398100,47863.53,47900.0,47864.94,47881.87,4.11936
40,1614398040,47814.02,47869.16,47814.02,47869.16,4.5304796
41,1614397980,47726.98,47826.51,47727.51,47812.9,7.54603195
42,1614397920,47702.61,47769.13,47769.13,47737.54,2.69627482
43,1614397860,47732.81,47799.99,47732.81,47769.95,8.87171402
44,1614397800,47655.18,47759.61,47664.3,47732.81,5.33545618
45,1614397740,47650.0,47768.32,47747.99,47664.3,5.95909682
46,1614397680,47684.4,47748.0,47684.4,47748.0,4.43863111
47,1614397620,47621.0,47700.0,47621.0,47684.41,8.11230141
48,1614397560,47540.2,47661.97,47574.78,47622.15,12.2480031
49,1614397500,47545.1,47612.16,47599.48,47574.78,3.638995
50,1614397440,47553.06,47650.8,47560.21,47598.17,3.89578093
51,1614397380,47538.48,47593.37,47593.36,47553.43,2.935677
52,1614397320,47592.99,47672.71,47652.47,47593.37,8.4767229
53,1614397260,47550.05,47642.51,47578.75,47642.51,6.88002978
54,1614397200,47567.83,47673.74,47630.54,47585.83,6.79051622
55,1614397140,47576.27,47647.82,47607.88,47630.54,10.1602719
56,1614397080,47556.63,47647.82,47606.12,47607.88,7.47220785
57,1614397020,47594.12,47713.33,47713.32,47603.88,4.04555068
58,1614396960,47641.17,47730.47,47641.18,47713.33,3.53080916
59,1614396900,47550.62,47649.49,47579.61,47641.18,4.68472763
60,1614396840,47566.0,47740.04,47740.04,47579.61,22.44896362
61,1614396780,47712.67,47818.9,47796.23,47740.04,17.34141475
62,1614396720,47618.69,47798.49,47644.12,47798.49,14.55072804
63,1614396660,47513.81,47656.24,47575.19,47643.99,14.28373224
64,1614396600,47453.14,47586.09,47466.64,47569.11,9.15885169
65,1614396540,47400.44,47496.9,47400.45,47466.64,2.55605748
66,1614396480,47389.28,47470.56,47424.31,47399.49,10.20801177
67,1614396420,47319.28,47424.31,47403.57,47424.31,9.27884732
68,1614396360,47400.95,47430.39,47430.38,47403.57,4.07631742
69,1614396300,47405.19,47487.01,47466.66,47430.39,6.07722433
70,1614396240,47442.97,47578.55,47572.38,47465.99,10.97941336
71,1614396180,47555.55,47694.57,47664.96,47568.29,5.44915167
72,1614396120,47631.56,47695.04,47644.81,47654.02,6.11984141
73,1614396060,47614.84,47761.44,47719.38,47644.81,9.64453176
74,1614396000,47691.91,47828.51,47828.51,47713.36,4.1852192
75,1614395940,47761.94,47837.53,47821.93,47828.51,7.36946168
76,1614395880,47798.23,47890.0,47860.06,47817.7,5.60419409
77,1614395820,47800.0,47877.48,47800.0,47859.55,14.90765815
78,1614395760,47701.22,47826.05,47748.0,47799.82,6.21502787
79,1614395700,47563.75,47747.0,47640.78,47747.0,8.50297063
80,1614395640,47611.84,47700.0,47616.03,47640.54,7.22734155
81,1614395580,47513.51,47648.59,47513.51,47616.04,42.30042285
82,1614395520,47368.76,47513.51,47370.58,47513.5,13.2558029
83,1614395460,47370.58,47487.41,47487.41,47370.58,9.77844746
84,1614395400,47453.43,47492.95,47487.02,47487.42,13.94058821
85,1614395340,47406.47,47488.0,47457.59,47487.02,5.12815136
86,1614395280,47407.75,47459.37,47426.81,47456.71,8.43729665
87,1614395220,47380.67,47427.49,47400.0,47426.81,14.23016724
88,1614395160,47333.26,47400.0,47333.27,47400.0,16.09788873
89,1614395100,47272.82,47337.43,47276.56,47333.27,16.0510948
90,1614395040,47276.06,47311.19,47276.06,47276.56,8.50528184
91,1614394980,47245.18,47331.56,47330.15,47276.06,15.91357708
92,1614394920,47261.74,47335.5,47293.46,47330.64,7.64419627
93,1614394860,47228.79,47339.06,47334.14,47310.04,14.28783884
94,1614394800,47263.31,47339.57,47339.56,47337.77,18.54032014
95,1614394740,47273.53,47348.65,47273.53,47339.57,4.2296582
96,1614394680,47200.0,47286.03,47286.03,47277.63,7.12008826
97,1614394620,47289.99,47328.7,47289.99,47289.99,18.07392465
98,1614394560,47260.96,47290.0,47260.96,47286.04,17.57682512
99,1614394500,47202.69,47274.93,47220.0,47260.97,60.59448696
100,1614394440,47200.01,47258.63,47254.33,47220.0,34.51153769
101,1614394380,47232.32,47372.01,47299.49,47250.21,37.87308591
102,1614394320,47288.91,47429.8,47415.54,47299.49,32.22252097
103,1614394260,47350.23,47433.18,47350.23,47416.17,15.54923713
104,1614394200,47350.0,47480.04,47480.03,47350.24,10.99965139
105,1614394140,47418.95,47490.23,47420.66,47480.04,7.88900233
106,1614394080,47420.66,47547.12,47547.12,47420.66,7.02145506
107,1614394020,47500.0,47547.12,47500.0,47547.11,9.55298764
108,1614393960,47489.99,47551.78,47551.78,47499.99,7.4931873
109,1614393900,47454.9,47574.82,47457.72,47552.91,9.52106608
110,1614393840,47425.0,47654.72,47653.73,47457.72,25.24123961
111,1614393780,47645.52,47678.56,47654.1,47653.73,3.72618904
112,1614393720,47641.65,47661.53,47641.75,47654.1,2.27049002
113,1614393660,47590.11,47649.5,47593.64,47641.76,6.97087486
114,1614393600,47587.82,47632.01,47615.11,47593.64,7.87610706
115,1614393540,47600.01,47692.08,47668.44,47610.18,9.15285443
116,1614393480,47639.83,47778.87,47746.44,47668.45,27.88458017
117,1614393420,47729.92,47820.27,47818.12,47746.44,11.05366537
118,1614393360,47806.47,47904.57,47902.27,47821.65,9.5086718
119,1614393300,47890.46,47902.27,47891.38,47902.26,4.92401417
120,1614393240,47881.04,47999.99,47991.77,47881.04,18.80809635
121,1614393180,47952.0,47999.99,47969.83,47998.3,56.03307026
122,1614393120,47860.0,47970.0,47882.93,47969.99,18.82628275
123,1614393060,47826.73,47939.0,47939.0,47883.54,16.58209341
124,1614393000,47664.13,47941.86,47672.47,47941.1,18.65117233
125,1614392940,47615.39,47697.41,47695.23,47672.48,12.4723171
126,1614392880,47641.1,47700.0,47700.0,47693.96,12.9191888
127,1614392820,47652.72,47700.0,47668.79,47700.0,7.35938715
128,1614392760,47562.74,47675.69,47623.25,47668.8,24.51847235
129,1614392700,47523.02,47673.57,47673.29,47618.59,24.79720486
130,1614392640,47600.86,47673.56,47606.14,47673.56,7.72049844
131,1614392580,47560.33,47622.0,47621.43,47606.14,10.34060155
132,1614392520,47561.48,47623.46,47566.66,47610.01,8.15067657
133,1614392460,47566.62,47719.38,47719.38,47566.66,36.74594639
134,1614392400,47668.32,47732.34,47708.21,47719.38,8.33208284
135,1614392340,47633.08,47733.12,47684.99,47708.21,8.79068244
136,1614392280,47658.01,47728.79,47725.82,47678.62,9.6796499
137,1614392220,47650.0,47740.0,47682.6,47728.31,17.21156124
138,1614392160,47649.64,47736.82,47711.97,47675.65,18.14888315
139,1614392100,47627.15,47749.42,47665.57,47714.86,18.27840124
140,1614392040,47590.65,47712.73,47712.73,47666.24,9.70947158
141,1614391980,47662.87,47800.0,47777.07,47698.58,11.57715391
142,1614391920,47693.59,47825.0,47714.27,47777.07,11.1389308
143,1614391860,47671.81,47817.48,47817.48,47706.88,6.2224807
144,1614391800,47787.99,47849.99,47788.0,47817.48,34.29310814
145,1614391740,47683.7,47788.0,47718.46,47788.0,15.98680576
146,1614391680,47687.18,47723.2,47687.18,47718.46,7.0818263
147,1614391620,47670.01,47766.48,47699.0,47681.56,28.2494727
148,1614391560,47626.96,47699.0,47626.96,47699.0,10.7249324
149,1614391500,47598.02,47632.22,47598.02,47626.95,4.59721767
150,1614391440,47525.0,47598.03,47525.0,47598.03,5.34721631
151,1614391380,47500.0,47575.79,47572.25,47525.0,24.98682968
152,1614391320,47577.69,47649.44,47646.67,47577.74,19.41476118
153,1614391260,47615.95,47646.68,47627.98,47646.68,15.32830776
154,1614391200,47614.47,47771.1,47749.0,47627.99,36.38598289
155,1614391140,47681.83,47799.0,47758.9,47749.0,24.30744612
156,1614391080,47746.92,47784.29,47754.06,47758.9,1.81136943
157,1614391020,47740.26,47782.2,47764.66,47750.63,1.77964592
158,1614390960,47725.4,47764.66,47725.4,47764.66,5.39914068
159,1614390900,47709.96,47792.88,47762.36,47725.4,14.0079715
160,1614390840,47742.25,47799.0,47759.48,47765.38,3.91941909
161,1614390780,47712.71,47807.21,47750.01,47762.54,10.42436958
162,1614390720,47727.74,47864.8,47749.8,47750.01,14.47128591
163,1614390660,47680.01,47775.26,47680.01,47744.77,6.09136001
164,1614390600,47692.22,47763.31,47756.75,47694.67,7.21348631
165,1614390540,47756.76,47900.0,47885.19,47758.32,18.40072539
166,1614390480,47762.26,47899.0,47799.93,47890.8,21.27749901
167,1614390420,47732.8,47797.75,47734.06,47797.75,9.1436911
168,1614390360,47702.85,47777.77,47751.19,47734.05,3.48413713
169,1614390300,47694.22,47803.34,47782.02,47751.19,7.738898
170,1614390240,47712.56,47782.02,47749.1,47782.01,13.2347152
171,1614390180,47707.74,47808.31,47740.71,47749.93,11.23171679
172,1614390120,47681.2,47763.3,47748.39,47744.24,10.36677081
173,1614390060,47691.25,47830.48,47830.37,47756.6,13.29928576
174,1614390000,47755.93,47900.0,47887.96,47833.1,19.71994983
175,1614389940,47838.72,47937.33,47929.99,47887.96,23.963104
176,1614389880,47700.02,47927.0,47739.07,47927.0,108.64445905
177,1614389820,47631.34,47750.0,47669.58,47739.08,76.43534091
178,1614389760,47546.22,47672.92,47547.36,47669.59,24.94236025
179,1614389700,47454.06,47547.36,47456.19,47547.36,12.42320248
180,1614389640,47442.42,47522.42,47522.42,47456.2,3.65692447
181,1614389580,47497.89,47546.49,47497.89,47522.42,3.56828437
182,1614389520,47433.19,47515.72,47447.78,47497.89,5.49077008
183,1614389460,47431.35,47518.27,47513.63,47448.67,10.34928276
184,1614389400,47502.79,47550.0,47550.0,47512.78,6.38840956
185,1614389340,47500.01,47550.0,47519.09,47550.0,8.04412091
186,1614389280,47488.01,47587.49,47583.7,47533.92,5.35430234
187,1614389220,47551.03,47600.0,47551.03,47584.78,10.65247087
188,1614389160,47496.25,47556.63,47499.99,47551.04,30.44620456
189,1614389100,47459.71,47499.99,47470.27,47499.99,7.7679452
190,1614389040,47445.0,47484.18,47457.99,47473.26,3.621743
191,1614388980,47429.37,47469.09,47429.37,47458.0,5.43283196
192,1614388920,47395.23,47488.01,47476.87,47429.36,9.8627204
193,1614388860,47453.73,47499.99,47499.99,47477.6,6.66151088
194,1614388800,47445.9,47499.99,47447.76,47499.99,23.1745168
195,1614388740,47385.27,47447.76,47391.72,47447.76,11.60611873
196,1614388680,47361.1,47398.91,47364.27,47395.23,6.00235131
197,1614388620,47360.74,47479.99,47462.73,47361.45,18.78001787
198,1614388560,47440.0,47471.0,47467.5,47462.73,11.10990719
199,1614388500,47461.31,47490.66,47484.6,47467.5,5.32049309
200,1614388440,47447.47,47536.78,47536.78,47480.17,10.76883724
201,1614388380,47521.62,47608.03,47595.96,47536.78,8.22349997
202,1614388320,47504.12,47626.31,47563.21,47611.05,6.90521223
203,1614388260,47527.59,47670.38,47642.2,47549.87,20.95066768
204,1614388200,47629.01,47709.17,47709.17,47640.59,21.05231616
205,1614388140,47638.87,47749.2,47733.09,47718.5,13.4151778
206,1614388080,47608.36,47750.0,47636.8,47737.48,42.70037338
207,1614388020,47485.36,47676.47,47485.36,47640.0,93.84119745
208,1614387960,47433.14,47497.62,47467.33,47480.96,11.09172846
209,1614387900,47458.9,47513.51,47491.55,47458.9,9.33222973
210,1614387840,47458.02,47500.0,47467.23,47491.54,25.77653063
211,1614387780,47371.32,47477.13,47424.01,47461.02,10.22767237
212,1614387720,47396.44,47480.0,47399.99,47429.39,14.74532504
213,1614387660,47392.87,47554.53,47550.17,47399.99,16.74578899
214,1614387600,47534.1,47596.9,47557.12,47561.88,15.20374322
215,1614387540,47435.82,47577.35,47445.03,47559.29,17.09862255
216,1614387480,47414.65,47453.16,47449.21,47445.04,4.92472439
217,1614387420,47441.5,47490.0,47452.94,47442.39,5.50019756
218,1614387360,47449.65,47500.0,47466.71,47452.94,21.82146373
219,1614387300,47429.93,47498.41,47497.75,47466.72,7.59155574
220,1614387240,47439.76,47498.27,47444.75,47492.5,7.2861997
221,1614387180,47389.27,47445.48,47404.02,47440.11,4.6124876
222,1614387120,47386.82,47484.57,47467.93,47407.24,9.65443191
223,1614387060,47245.96,47476.59,47262.25,47463.7,20.28602296
224,1614387000,47189.42,47279.59,47200.3,47276.06,8.90692623
225,1614386940,47151.63,47202.43,47168.69,47188.5,3.97502223
226,1614386880,47161.72,47234.15,47179.59,47164.92,19.29432044
227,1614386820,47156.45,47188.36,47183.71,47176.88,9.35964116
228,1614386760,47162.95,47200.0,47179.65,47183.71,4.73778762
229,1614386700,47136.3,47230.32,47188.85,47179.65,5.5501092
230,1614386640,47117.25,47213.56,47213.56,47193.2,9.58358624
231,1614386580,47170.76,47259.38,47255.59,47215.52,7.63550783
232,1614386520,47252.46,47293.63,47283.61,47256.33,21.28258128
233,1614386460,47235.83,47300.0,47258.88,47289.18,13.745437
234,1614386400,47227.6,47258.88,47232.07,47258.88,13.52746469
235,1614386340,47156.68,47249.0,47200.0,47232.07,17.94112062
236,1614386280,47093.23,47200.0,47105.67,47200.0,24.53515408
237,1614386220,47078.93,47200.0,47198.14,47105.97,23.45378737
238,1614386160,47058.97,47199.0,47157.92,47199.0,21.12973562
239,1614386100,46923.5,47157.93,46930.81,47150.5,29.50955041
240,1614386040,46779.63,46950.0,46799.04,46930.84,14.60308511
241,1614385980,46784.32,46886.55,46809.84,46802.5,18.10754304
242,1614385920,46711.62,46810.18,46782.91,46810.18,7.07926405
243,1614385860,46764.85,46816.33,46814.16,46783.85,4.30121091
244,1614385800,46710.49,46830.26,46750.58,46812.87,15.10741163
245,1614385740,46707.69,46799.21,46787.21,46736.51,9.03180117
246,1614385680,46753.6,46898.94,46883.88,46792.58,16.20691578
247,1614385620,46818.16,46966.84,46849.35,46899.5,13.52697932
248,1614385560,46639.13,46860.6,46726.87,46860.3,18.39916975
249,1614385500,46686.56,46796.32,46783.57,46727.3,21.89166361
250,1614385440,46707.79,46795.09,46722.4,46792.5,18.29960296
251,1614385380,46564.46,46736.66,46564.47,46712.34,4.75794525
252,1614385320,46557.29,46669.76,46629.72,46564.47,5.49031724
253,1614385260,46569.58,46631.15,46619.79,46625.51,5.59819505
254,1614385200,46531.51,46627.95,46552.13,46625.86,2.89877078
255,1614385140,46501.0,46609.5,46501.0,46558.44,11.85504038
256,1614385080,46501.0,46595.28,46525.88,46501.0,5.18380892
257,1614385020,46502.8,46632.55,46611.89,46525.88,9.30668853
258,1614384960,46508.39,46629.62,46613.54,46613.57,12.15305164
259,1614384900,46611.6,46711.18,46711.18,46620.52,18.00036428
260,1614384840,46647.63,46779.86,46775.64,46711.18,9.80872681
261,1614384780,46676.23,46791.11,46733.75,46782.99,10.15042057
262,1614384720,46709.91,46832.42,46757.17,46723.34,14.42321746
263,1614384660,46716.36,46886.14,46847.92,46739.28,15.84666484
264,1614384600,46800.0,46935.92,46858.81,46847.92,17.33608441
265,1614384540,46797.52,46859.5,46808.32,46859.27,10.84656829
266,1614384480,46719.99,46808.33,46744.63,46808.33,11.79250921
267,1614384420,46620.76,46750.0,46647.34,46744.63,14.32681525
268,1614384360,46519.52,46684.35,46528.06,46647.91,31.72905324
269,1614384300,46511.98,46650.83,46591.79,46530.03,20.20639924
270,1614384240,46393.96,46611.82,46408.27,46586.73,21.96440445
271,1614384180,46182.52,46447.09,46192.84,46392.18,17.57798994
272,1614384120,46176.19,46297.39,46284.72,46182.37,25.71948206
273,1614384060,46264.5,46371.45,46360.02,46282.82,8.38635025
274,1614384000,46314.79,46386.28,46319.79,46360.17,7.25418266
